object_id,first_name,last_name,birthplace,affiliation_name,degree_type,subject,institution,graduated_at,created_at_x,updated_at_x,id,relationship_id,person_object_id,relationship_object_id,start_at,end_at,is_past,sequence,title,created_at_y,updated_at_y
p:26,Peter,Thiel,,Confinity,BA,Philosophy,Stanford University,,2008-06-30 06:37:15,2008-06-30 06:37:15,29.0,29.0,p:26,f:6,,,0.0,6.0,Partner,2007-05-31 20:15:01,2012-03-13 23:08:47
p:29,Gus,Tai,,BillShrink,BA,Applied Mathematics,Harvard University,,2013-06-04 09:35:59,2013-06-04 09:35:59,25.0,25.0,p:29,f:3,1996-05-01,,0.0,10.0,General Partner,2007-05-30 18:23:49,2013-08-12 04:05:45
p:35,George,Zachary,,Millennial Media,,,Massachusetts Institute of Technology,1987-01-01,2013-08-24 09:46:23,2013-08-24 09:46:23,33.0,33.0,p:35,f:7,,,0.0,7.0,General Partner,2007-05-31 20:32:21,2013-08-26 20:19:07
p:125,Ron,Conway,,Angel Investors LP,BS,Political Science,San Jose State University,,2012-03-06 14:30:10,2012-03-07 02:48:31,428.0,428.0,p:125,c:134,,,0.0,6.0,Investor,2007-07-11 15:58:47,2010-03-21 05:09:29
p:135,Josh,Kopelman,"Great Neck, New York",First Round Capital,BS,Entrepreneurial Management and Marketing,University of Pennsylvania,,2008-05-08 07:06:54,2008-05-08 07:06:54,5501.0,5501.0,p:135,f:29,,,0.0,19.0,Partner,2008-02-08 21:15:56,2013-01-24 08:27:35
p:195,Paul,Graham,,YCombinator,BA,,Cornell University,1986-01-01,2008-08-05 20:18:10,2008-12-09 06:58:24,6693.0,6693.0,p:195,c:2520,,,0.0,131777.0,Partner,2008-02-21 23:02:05,2010-07-09 08:52:49
p:378,Peter,Gardner,,Last.fm,,,,,,,391.0,391.0,p:378,c:132,,,1.0,1.0,Investor,2007-07-11 10:14:30,2010-11-23 15:10:31
p:405,Barry,Eggers,,Lightspeed Venture Partners,MBA,,Stanford University,,2010-06-16 20:23:07,2013-12-11 11:46:53,421.0,421.0,p:405,f:94,1997-01-15,,0.0,4.0,Partner,2007-07-11 14:35:05,2013-12-11 11:43:47
p:440,Kevin,Harvey,,freebase,BA,Degree,Rice University,1987-01-01,2013-08-04 07:22:55,2013-08-04 07:22:55,774.0,774.0,p:440,f:48,,,0.0,3.0,General Partner,2007-07-19 07:12:52,2013-08-04 07:22:41
p:463,Sujit,Banerjee,,BlueRun Ventures,MBA,"Finance, General",University of Pennsylvania - The Wharton School,2000-01-01,2013-09-10 10:24:05,2013-09-10 10:24:05,484.0,484.0,p:463,f:101,2003-02-01,2010-07-01,1.0,5.0,Partner,2007-07-12 09:55:56,2013-09-10 10:29:19
p:524,Robin,Klein,,The Accelerator Group,MS,Engineering,University of the Witwatersrand,1969-01-01,2013-08-07 01:01:31,2013-08-07 01:01:31,71423.0,71423.0,p:524,f:18,2010-04-25,,0.0,324307.0,Venture Partner,2010-04-25 15:56:20,2013-08-07 01:24:24
p:526,Ram,Shriram,"Chennai (Tamil Nadu, India)",Sherpalo Ventures,BS,Business,Queen's University,,2010-08-01 20:12:33,2012-07-27 11:58:34,549.0,549.0,p:526,f:114,,,0.0,6.0,Managing Partner,2007-07-14 05:45:56,2013-09-11 10:48:07
p:576,Isaac,Applbaum,,Opus Capital,,,,,,,603.0,603.0,p:576,f:121,,,1.0,1.0,General Partner,2007-07-17 04:33:26,2013-08-31 08:50:11
p:628,Bob,Pittman,,ilike,,,,,,,5061.0,5061.0,p:628,f:313,,,0.0,3.0,Investor,2008-01-18 08:26:57,2013-10-29 06:40:41
p:750,Eric,Chin,,Bay Partners,BA,,Dartmouth College,,2013-08-13 09:01:29,2013-08-13 09:01:29,115899.0,115899.0,p:750,f:113,2010-09-01,,0.0,6.0,General Partner,2011-06-02 17:12:57,2013-01-25 04:48:02
p:752,Neal,Dempsey,,Bay Partners,BA,Degree,University of Washington,1964-01-01,2013-07-02 19:02:10,2013-10-18 02:10:25,792.0,792.0,p:752,f:149,,,0.0,6.0,General Partner,2007-07-19 08:12:44,2013-08-13 11:43:32
p:812,Peter,Lipson,,Photoways,MBA,,Harvard University,2001-01-01,2013-09-12 11:27:29,2013-09-12 11:27:29,858.0,858.0,p:812,c:229,,,0.0,2.0,Investor,2007-07-20 09:55:23,2013-02-21 12:48:45
p:963,Ron,Belt,,Lowland Capital Partners BV,,,,,,,1022.0,1022.0,p:963,f:178,,,0.0,1.0,Partner,2007-07-25 11:58:48,2008-02-05 22:43:58
p:1129,David,Sze,,LinkedIn,MBA,,Stanford University,,2013-05-05 11:03:42,2013-06-29 03:03:44,14708.0,14708.0,p:1129,f:1,,,0.0,4.0,Partner,2008-06-11 19:31:15,2010-01-12 22:05:50
p:1131,Ronald,Fisher,,Softbank Capital,MBA,,Columbia University,,2013-08-12 05:39:14,2013-08-12 05:39:14,1202.0,1202.0,p:1131,f:214,,,0.0,2.0,Managing Partner,2007-08-01 13:01:06,2013-08-12 07:23:12
p:1223,John,Balen,,EzRez Software,BS,Electrical and Electronics Engineering,Cornell University,1982-01-01,2013-07-15 05:43:23,2013-08-26 04:34:32,1331.0,1331.0,p:1223,f:215,1995-09-01,,0.0,4.0,General Partner,2007-08-04 13:34:40,2013-08-26 04:32:46
p:1247,John,Shoch,,Alloy Ventures,BA,Political Science,Stanford University,1971-01-01,2013-08-14 11:20:41,2013-08-14 11:20:41,1320.0,1320.0,p:1247,f:204,1996-01-01,,0.0,1.0,General Partner,2007-08-04 13:27:11,2013-08-14 11:40:22
p:1426,Edward,Anderson,,North Bridge Venture Partners,,,,,,,1411.0,1411.0,p:1426,f:243,,,0.0,1.0,Managing Partner,2007-08-11 04:45:11,2013-08-27 07:09:15
p:1438,Jeff,Bezos,"Albuquerque, New Mexico, USA",Bezos Expeditions,MS,,Princeton University,,2013-06-26 13:17:13,2013-06-26 13:17:13,9908.0,9908.0,p:1438,f:168,,,0.0,3.0,Investor,2008-04-08 23:00:52,2013-09-18 08:34:41
p:1734,Bill,Nighan,,Incubic Venture Fund,,,,,,,1723.0,1723.0,p:1734,f:285,,,0.0,1.0,Partner,2007-08-22 13:03:37,2008-02-05 22:44:01
p:2072,Ryan,Swagar,,Venture51,,,,,,,32304.0,32304.0,p:2072,c:15616,,,0.0,1.0,Managing Partner,2009-01-27 04:28:09,2011-04-07 01:29:01
p:2175,Klaus,Hommels,,Balderton Capital,PhD,Finance,Fribourg University (Switzerland),,2008-04-01 10:32:17,2013-11-17 07:39:53,6797.0,6797.0,p:2175,f:105,,,1.0,178797.0,Venture Partner,2008-02-22 19:35:51,2013-11-17 07:39:28
p:2701,Eric,Hahn,,Zimbra,,,,,,,32519.0,32519.0,p:2701,f:442,,,0.0,1.0,Investing Partner,2009-01-29 07:59:03,2009-04-20 19:34:07
p:2713,Anne,Mitchell,,Xoom,,,,,,,14266.0,14266.0,p:2713,f:46,,,0.0,1.0,Partner,2008-06-08 02:08:14,2008-06-09 19:40:36
p:2813,Shelby,Bonnie,,CNET Networks,MBA,,Harvard University,,2008-06-20 22:55:47,2008-06-23 17:36:32,2836.0,2836.0,p:2813,c:1042,,,0.0,1.0,Partner,2007-10-09 10:29:42,2008-07-29 18:16:21
p:2955,Matt,Murphy,,Dash,MBA,MBA,Stanford University,1996-01-01,2013-08-05 10:22:29,2013-08-28 06:27:07,7491.0,7491.0,p:2955,f:41,1999-09-01,,0.0,2.0,Partner,2008-03-06 19:44:41,2013-08-28 06:22:30
p:3159,Tim,Connors,,Blekko,BS,Engineering,University of Notre Dame,1989-01-01,2009-11-20 21:40:38,2013-06-30 04:07:09,26730.0,26730.0,p:3159,f:192,,,1.0,5.0,General Partner,2008-11-27 05:32:07,2011-10-21 00:06:34
p:3290,Paul,BÃ¶hm,,YEurope,,,,,,,3372.0,3372.0,p:3290,f:490,,2009-10-01,1.0,1.0,Partner,2007-11-06 11:58:41,2011-06-15 18:11:15
p:3319,Richard,Fade,,Ignition Partners,,,,,,,58085.0,58085.0,p:3319,f:62,,,0.0,1.0,Partner,2009-12-07 20:18:00,2009-12-07 20:18:00
p:3430,Roger,Lee,,Peerflix,BA,Political Science,Yale University,,2013-08-06 09:38:12,2013-08-09 19:22:55,70760.0,70760.0,p:3430,f:137,2001-12-01,,0.0,2.0,General Partner,2010-04-19 04:20:42,2013-08-24 07:31:42
p:3700,JÃ¸rgen,Rode,,b2bCRM,,,,,,,3213.0,3213.0,p:3700,c:1200,,,0.0,1.0,Partner,2008-02-05 22:44:09,2008-02-05 22:44:09
p:3748,Eli,Barkat,,BRM Capital,BS,Computer Science & Mathematics,Hebrew University of Jerusalem,,2013-08-15 12:47:53,2013-08-30 04:08:27,7893.0,7893.0,p:3748,f:53,,,0.0,4.0,Managing Partner,2008-03-12 09:03:24,2013-08-15 13:17:53
p:3793,Stuart,Ellman,,RRE Ventures,MBA,,Harvard University,,2009-06-06 09:12:10,2009-06-06 09:12:10,3892.0,3892.0,p:3793,f:269,,,0.0,6.0,Managing Partner,2007-11-30 09:01:19,2010-07-26 19:13:21
p:3884,Eilon,Tirosh,,KnockaTV,,,,,,,344907.0,344907.0,p:3884,c:90052,,,0.0,1.0,Investor,2013-08-10 16:45:51,2013-08-10 16:45:51
p:4227,Albert,Wenger,,Union Square Ventures,PhD,Information Technology,Massachusetts Institute of Technology (MIT),1996-01-01,2013-06-25 06:16:37,2013-06-25 06:16:37,5607.0,5607.0,p:4227,f:45,,,0.0,15.0,Managing Partner,2008-02-10 17:47:14,2010-12-06 02:52:08
p:4523,Pascal,Levensohn,,Hooja,BA,Government,Harvard University,1981-01-01,2013-08-01 09:23:08,2013-08-01 09:23:08,47463.0,47463.0,p:4523,f:1666,1996-01-01,,0.0,2.0,Managing Partner,2009-08-04 02:34:01,2013-08-01 09:28:26
p:4660,David,Frankel,,Big Think,BS,Electrical Engineering,University of Illinois,,2008-03-11 03:51:02,2008-03-11 03:51:02,7731.0,7731.0,p:4660,f:179,,,0.0,1.0,Venture Partner,2008-03-11 02:44:27,2013-10-30 07:14:32
p:4706,Marc,Samwer,,MFG.com,,,,,,,5069.0,5069.0,p:4706,f:319,,,0.0,4.0,Investor,2008-01-18 08:41:35,2013-09-12 06:14:43
p:4779,Andrew,Reis,,First Page Network,BA,Management,Hofstra University,1997-01-01,2011-10-18 14:51:47,2011-10-23 03:40:54,111306.0,111306.0,p:4779,c:74907,,,1.0,3.0,Investor,2011-04-28 19:53:29,2013-07-19 20:16:20
p:4926,Uwe,Feuersenger,,aeris Capital,,,,,,,5126.0,5126.0,p:4926,f:761,,,0.0,1.0,Investor,2008-01-20 03:43:01,2009-09-12 02:34:37
p:5170,Andrew,Braccia,,Accel Partners,BS,Business Administration,University of Arizona,,2008-06-11 19:19:22,2008-06-11 19:19:22,5416.0,5416.0,p:5170,f:4,,,0.0,3.0,Partner,2008-02-08 01:26:05,2010-01-14 21:21:48
p:5255,Mattias,Ljungman,,Atomico,BA,Geography and Economics,McGill University,1996-01-01,2011-08-05 16:32:52,2013-06-02 21:11:26,5519.0,5519.0,p:5255,f:32,2006-01-01,,0.0,6.0,Partner,2008-02-09 00:25:57,2013-08-31 05:10:48
p:5565,Dan,Rua,"Tampa, FL, USA",PayPerPost,MBA,Entrepreneurship and Venture Capital,UNC Kenan-Flagler Business School,1999-01-01,2008-07-01 03:43:43,2008-07-01 17:11:55,5861.0,5861.0,p:5565,f:27,,,0.0,4.0,Managing Partner,2008-02-12 03:30:58,2008-03-03 19:31:46
p:5566,Michael,Barach,,Village Voice,BA,"History, Economics",Amherst College,1980-01-01,2009-05-18 10:30:37,2013-08-27 05:58:30,5860.0,5860.0,p:5566,f:28,2001-01-01,,0.0,3.0,Venture Partner,2008-02-12 03:29:47,2013-08-30 04:42:52
p:5660,Ron,Lissak,,Catapult Advisors,MS,International Economics & International Relations,Johns Hopkins School of Advanced International Studies (SAIS),1986-01-01,2012-03-20 22:40:53,2012-03-25 06:08:06,5963.0,5963.0,p:5660,f:816,,,0.0,1.0,Managing Partner,2008-02-12 18:58:40,2008-02-12 18:58:40
p:5882,Yoav,Andrew Leitersdorf,,YL Ventures,MBA,,Columbia University,2003-01-01,2011-11-18 00:38:45,2011-11-19 04:28:12,6204.0,6204.0,p:5882,f:611,2007-01-01,,0.0,336080.0,Managing Partner,2008-02-15 09:22:09,2011-11-19 04:29:18
p:7240,Will,Price,Germany,Hummer Winblad Venture Partners,,,,,,,7810.0,7810.0,p:7240,f:510,,,1.0,1.0,Partner,2008-03-11 15:54:14,2013-08-21 04:38:57
p:7874,Bjørn,Stray,,Northzone,MS,Business Adm & Economics,"NHH in Bergen, Norwa",1989-01-01,2013-09-04 05:37:32,2013-09-04 05:37:32,8574.0,8574.0,p:7874,f:696,1996-01-01,,0.0,1.0,General Partner,2008-03-21 07:48:59,2013-09-04 05:37:56
p:8034,Harry,Hallman,Philadelphia Pa,Octane Interactive,,,,,,,8766.0,8766.0,p:8034,c:3557,,,0.0,1.0,Partner,2008-03-24 15:45:54,2008-03-24 15:45:54
p:8459,Reshma,Sohoni,,Seedcamp,,,INSEAD,2003-01-01,2013-09-06 08:29:28,2013-09-06 08:29:28,164346.0,164346.0,p:8459,c:591,2010-06-01,,0.0,2.0,Partner,2012-06-14 17:50:25,2013-09-06 08:32:54
p:8622,BjÃ¶rn,Fant,Stockholm,Connecta,,,,,,,9507.0,9507.0,p:8622,c:3883,,,1.0,1.0,Consultant,2008-04-03 10:04:04,2008-04-03 10:04:04
p:9263,Paul,Jozefak,"Bratislava, Slovakia",verwandt.de,BA,Finance,Rutgers University,1997-01-01,2008-12-01 12:44:57,2008-12-02 00:22:25,10292.0,10292.0,p:9263,f:999,,,1.0,2.0,Managing Partner,2008-04-13 23:06:02,2012-01-04 04:38:59
p:9491,Dave,Pell,,Arba Seed Investment Group,MS,Education,Harvard University,,2008-04-18 00:05:56,2013-10-20 06:17:05,10577.0,10577.0,p:9491,f:1012,,,0.0,1.0,Managing Partner,2008-04-18 00:05:56,2008-04-18 00:05:56
p:9539,Elias,Bizannes,Sydney,PricewaterhouseCoopers,BA,"Accounting, Finance, business law",University of Sydney,2004-01-01,2008-04-20 14:04:45,2008-04-20 14:04:45,10624.0,10624.0,p:9539,c:4527,,,0.0,1.0,Consultant,2008-04-20 14:04:46,2010-08-10 21:03:45
p:9805,Dennis,Baldwin,,Breakaway Ventures,,,,,,,10957.0,10957.0,p:9805,f:1022,,,0.0,1.0,Managing Partner,2008-04-27 20:55:36,2008-04-27 20:55:36
p:9830,Jean-Sebastian,Cournoyer,Montreal,Real Ventures,BS,,Middlebury College,1996-01-01,2013-09-18 05:04:22,2013-09-18 05:04:22,90413.0,90413.0,p:9830,f:6126,,,0.0,4.0,Partner,2010-10-27 16:55:42,2010-10-27 16:55:42
p:10059,Chris,Tingom,"Phoenix, AZ",Tornado Design,,,,,,,11265.0,11265.0,p:10059,c:4696,,,0.0,1.0,Partner,2008-05-03 19:16:38,2013-06-27 22:05:19
p:11904,Miles,Spencer,,Vaux les Ventures,,,,,,,13568.0,13568.0,p:11904,f:1131,,,0.0,3.0,Managing Partner,2008-05-30 05:36:27,2008-05-30 05:36:27
p:12303,Devin,Mathews,,Baird Venture Partners,,,,,,,14056.0,14056.0,p:12303,f:1169,2005-05-01,2010-05-31,1.0,1.0,Partner,2008-06-05 16:57:42,2010-06-18 19:28:21
p:12499,Lewis,Gersh,,"Gersh Venture Partners, LLC",JD,"MIP, Law/Masters Degree in Intellectual Property",University of New Hampshire School of Law,1996-01-01,2013-09-03 06:20:28,2013-09-03 06:20:28,14296.0,14296.0,p:12499,f:1183,,,1.0,1.0,Managing Partner,2008-06-08 13:36:17,2009-11-09 00:23:52
p:12593,Tom,Bevilacqua,,ArrowPath Venture Partners,JD,Law,"University of California, Hastings College of the Law",1981-01-01,2013-08-12 11:37:38,2013-08-12 11:37:38,23858.0,23858.0,p:12593,f:1462,1999-12-01,2007-11-01,1.0,4.0,Managing Partner,2008-10-28 18:56:02,2013-08-12 11:41:32
p:13315,Burton,Sauls,,CityTrex,,,,,,,15256.0,15256.0,p:13315,c:6908,,,0.0,1.0,Managing Partner,2008-06-19 20:38:56,2008-11-01 22:25:01
p:13335,Wayne,D. Kimmel,,SeventySix Captial,BA,,University of Maryland,1992-01-01,2009-03-03 20:01:33,2012-10-10 14:04:59,15828.0,15828.0,p:13335,f:1228,1999-01-01,,0.0,1.0,Managing Partner,2008-06-25 23:50:59,2013-07-30 21:05:01
p:13443,Mehmet,Subasi,,Vodaco Web Strategies,,,,,,,15424.0,15424.0,p:13443,c:7017,,,0.0,1.0,Managing Partner,2008-06-23 07:52:32,2008-06-24 19:58:16
p:13828,Zachary,Shulman,,Cayuga Venture Fund,JD,,Cornell University,,2013-12-06 05:47:42,2013-12-06 05:47:42,15876.0,15876.0,p:13828,f:1241,2004-01-01,,0.0,2.0,Managing Partner,2008-06-26 08:35:04,2013-12-06 05:44:25
p:14152,John,Stokes,UK,QuietAgent,BS,Sports Science,Manchester Metropolitan University,1989-01-01,2008-08-12 02:52:19,2013-06-26 04:01:27,16294.0,16294.0,p:14152,f:1257,2007-02-01,,0.0,16.0,Managing Partner,2008-07-01 12:23:46,2013-06-26 03:55:44
p:15335,Patrick,Tipton,,North Haven Partners,,,,,,,17779.0,17779.0,p:15335,f:1324,,,0.0,1.0,Partner,2008-07-23 16:52:30,2008-07-23 23:59:35
p:15784,John,Hagel,,Deloitte Consulting,MBA,,Harvard University,,2008-07-31 00:07:18,2008-08-01 04:49:25,18308.0,18308.0,p:15784,c:4090,,,1.0,6.0,Consultant,2008-07-31 00:07:19,2013-06-21 17:28:18
p:15795,Bill,Maris,,Google Ventures,BA,Neuroscience,"Middlebury College, Mountain View, CA",,2011-08-15 21:54:29,2013-06-05 08:40:37,36446.0,36446.0,p:15795,f:2195,,,0.0,2.0,Managing Partner,2009-03-31 08:03:02,2013-06-05 08:45:45
p:15885,Paul,Asel,,International Finance Corporation,MBA,,Stanford University,1991-01-01,2008-08-01 15:46:23,2013-09-12 04:32:45,18437.0,18437.0,p:15885,f:1106,2005-01-01,,0.0,5.0,Partner,2008-08-01 15:42:17,2013-09-18 18:39:25
p:16057,Brian,Hirsch,,Pontiflex,BA,Economics & American Studies,Brandeis University,1995-01-01,2013-04-19 17:20:28,2013-06-07 08:38:54,18685.0,18685.0,p:16057,f:1034,,,0.0,10.0,Managing Partner,2008-08-05 02:56:58,2013-11-12 00:43:43
p:16514,Todd,Chaffee,,Institutional Venture Partners,BS,"Business Administration and Management, General",University of Minnesota Carlson Business School,,2009-06-15 12:46:20,2013-08-22 06:05:16,19257.0,19257.0,p:16514,f:484,,,0.0,1.0,General Partner,2008-08-15 05:29:06,2013-08-22 05:42:14
p:16693,Chris,Breshears,"Caldwell, Idaho",ArtHitch,,Criminal Justice/Police Science,Boise State University,,2013-11-20 09:25:50,2013-11-20 09:25:50,19500.0,19500.0,p:16693,c:8330,,,0.0,3.0,Partner,2008-08-20 05:03:03,2013-11-20 01:12:41
p:16695,Alex,Bernstein,"Royal Oak, MI","Echo Networks, Inc.",BA,"Political Science, English, Economics",Amherst College,1997-01-01,2008-08-20 07:34:22,2008-08-21 19:32:08,19501.0,19501.0,p:16695,c:9789,,,1.0,2.0,Investor,2008-08-20 07:34:22,2010-04-06 06:34:28
p:17106,Auren,Hoffman,,Huddler,BS,Industrial Engineering and Operations Research,"University of California, Berkeley",1996-01-01,2009-06-24 00:37:07,2013-08-12 05:57:16,29641.0,29641.0,p:17106,c:8841,,,0.0,11.0,Angel Investor,2008-12-18 19:20:22,2012-03-14 12:11:05
p:17859,James,Eglin,,SysArc,BA,Political Science,George Mason University,1985-01-01,2010-02-03 19:48:13,2010-02-03 22:27:53,20987.0,20987.0,p:17859,c:10825,,,1.0,1.0,Partner,2008-09-09 21:17:09,2012-06-01 20:24:53
p:17929,Kirill,Suslov,Moscow,Niimozga,,,,,,,21080.0,21080.0,p:17929,c:10879,,,0.0,1.0,Investor,2008-09-10 23:05:09,2008-09-12 17:08:51
p:18161,Egbert,van Keulen,"Amersfoort, The netherlands",eBay.nl,BA,HEAO-CE,HES Amsterdam,1993-01-01,2013-09-01 03:55:55,2013-09-01 03:55:55,35206.0,35206.0,p:18161,c:7415,2007-08-01,2010-05-01,1.0,5.0,Partner,2009-03-12 19:31:37,2013-12-09 09:23:02
p:18189,Tony,Fish,,mashup* Event,,,,,,,21429.0,21429.0,p:18189,c:11099,,,0.0,1.0,Partner,2008-09-16 20:32:25,2008-09-17 00:28:51
p:18293,Chris,Evdemon,,Eastern Bell Venture Capital,,,,,,,21543.0,21543.0,p:18293,f:1464,,,0.0,2.0,Venture Partner,2008-09-18 05:24:09,2009-11-18 18:45:27
p:18333,Daniel,Waterhouse,,Livebookings,PhD,Mathermatics,University of Oxford,1995-01-01,2013-08-21 07:01:57,2013-08-21 07:01:57,65071.0,65071.0,p:18333,f:195,2008-09-01,2013-10-01,1.0,4.0,General Partner,2010-02-12 21:32:25,2013-10-17 18:12:18
p:19313,M.,Cem Sertoglu,,Young Turk Ventures,BA,Economics,The University of Texas at Austin,,2013-07-25 11:07:33,2013-07-25 11:07:47,22748.0,22748.0,p:19313,f:1491,2008-01-01,2009-09-01,1.0,3.0,Partner,2008-10-09 11:52:14,2013-09-20 05:29:38
p:19472,Jean-Denis,CORNILLOT,France,Acta Finance,,,,,,,22942.0,22942.0,p:19472,f:1501,2006-09-01,,0.0,1.0,Managing Partner,2008-10-14 11:34:58,2012-03-27 18:31:18
p:19991,Max,Bautin,,IQ Capital Partners,BS,Economics,University of Maryland,,2009-05-22 08:04:27,2009-05-22 08:04:27,23647.0,23647.0,p:19991,f:1522,,,0.0,6.0,Partner,2008-10-24 14:24:46,2013-10-13 11:01:07
p:20081,Judson,B. Traphagen,,Plough Penny Partners,MBA,,Columbia University - Columbia Business School,,2013-11-12 07:17:53,2013-11-12 07:17:53,96525.0,96525.0,p:20081,f:4742,,,0.0,1.0,Partner,2010-12-28 17:43:54,2010-12-28 17:43:54
p:20432,Todd,Hixon,,New Atlantic Ventures,BA,Physics,Princeton University,1972-01-01,2011-11-28 22:32:15,2013-08-29 07:23:37,53890.0,53890.0,p:20432,f:733,2006-09-01,,0.0,2.0,Managing Partner,2009-10-19 21:07:52,2013-08-29 07:24:46
p:20608,Katherine,Barr,,Mohr Davidow Ventures,MS,,Stanford University,2002-01-01,2013-08-08 06:23:32,2013-08-08 06:23:32,24417.0,24417.0,p:20608,f:116,2007-01-01,,0.0,1.0,General Partner,2008-11-06 14:28:58,2013-08-12 09:57:53
p:20831,Mark,Solon,"Bronx, NY",TopTenREVIEWS,BA,Govt. & International Relations,Lehigh University,1987-01-01,2013-09-05 16:44:43,2013-09-05 16:44:43,24656.0,24656.0,p:20831,f:716,,,0.0,4.0,Managing Partner,2008-11-08 20:39:39,2010-03-16 00:14:22
p:20955,Andrew,Romans,Japan,The Founders Club,BA,"Political Science, French & German",University of Vermont,1993-01-01,2012-06-13 23:45:07,2012-06-17 05:37:32,65422.0,65422.0,p:20955,f:4495,,,0.0,4.0,General Partner,2010-02-17 20:57:15,2010-02-17 20:57:15
p:21041,Jeff,Grammer,,Rho Canada,MS,,Boston University,,2013-10-23 04:20:23,2013-10-23 04:20:23,24909.0,24909.0,p:21041,f:621,,,0.0,1.0,Partner,2008-11-12 06:54:37,2010-06-10 19:49:02
p:21161,Dr,Sultan Ahmed Al Jaber,,Masdar Clean Tech Fund,PhD,Business and Economics,"Coventry University, UK",,2010-04-07 10:33:09,2010-04-07 23:39:28,25047.0,25047.0,p:21161,f:672,,,0.0,2.0,Partner,2008-11-13 10:16:07,2010-04-07 23:37:59
p:21808,Joerg,Rheinboldt,,M10 GmbH,,,,,,,25758.0,25758.0,p:21808,f:498,,,0.0,3.0,Managing Partner,2008-11-20 08:24:13,2008-11-20 08:24:13
p:22610,Michael A.,DiPiano,,NewSpring Ventures,MBA,,New York University,,2013-10-18 04:14:20,2013-10-18 04:14:20,26654.0,26654.0,p:22610,f:1386,,,0.0,1.0,General Partner,2008-11-26 14:01:06,2008-11-26 14:01:06
p:22726,Côme,Laguë,,Nueva Ventures,BS,Electrical Engineering,McGill University,1989-01-01,2009-11-24 17:35:24,2009-11-24 22:29:16,26784.0,26784.0,p:22726,f:1138,,,0.0,1.0,Partner,2008-11-27 08:39:35,2008-11-27 08:39:35
p:22981,Calum,Paterson,,Scottish Equity Partners,MBA,,University of Strathclyde,1993-01-01,2013-08-30 10:15:37,2013-08-30 10:15:37,27068.0,27068.0,p:22981,f:624,2011-06-01,,0.0,1.0,Managing Partner,2008-11-28 12:10:57,2013-08-30 10:28:30
p:23138,Frank,Bonsal III,Baltimore,Spectrum K12 School Solutions,MBA,"General Management, Entrpreneurship",Vanderbilt University,2004-01-01,2009-02-03 01:20:01,2009-02-04 02:49:10,27257.0,27257.0,p:23138,f:1613,,,0.0,19.0,Partner,2008-11-28 21:31:50,2013-03-09 11:15:35
p:23331,Jon,Bayless,,"ExteNet Systems, Inc.",PhD,Electrical Engineering,Arizona State University,1967-01-01,2013-04-29 07:22:26,2013-04-29 07:22:26,27488.0,27488.0,p:23331,f:11,1981-08-01,,0.0,7.0,General Partner,2008-11-30 15:16:34,2013-08-22 06:47:48
p:23434,Tim,Barnes,New Jersey,StickyStreet,MS,Public Health,University of Virginia,2008-01-01,2010-10-27 19:53:59,2010-10-28 15:30:33,27595.0,27595.0,p:23434,c:14401,,,1.0,2.0,Managing Partner,2008-12-01 04:12:10,2012-02-02 23:45:56
p:23510,Randy,Haykin,"Brooklyn, NY",Outlook Ventures,MBA,,Harvard University,,2013-11-20 04:41:33,2013-11-20 04:41:33,27675.0,27675.0,p:23510,f:299,2011-06-01,2013-07-25,1.0,1.0,Managing Partner,2008-12-01 09:36:50,2013-07-25 21:42:54
p:24078,Jeanne,Mariani Sullivan,,StarVest Partners,JD,Corporate Law,Creighton University School of Law,1980-01-01,2013-09-11 07:03:14,2013-09-11 07:03:14,28314.0,28314.0,p:24078,f:1068,1999-07-01,,0.0,3.0,General Partner,2008-12-03 12:54:42,2013-09-11 07:05:14
p:24208,Scott,Saunders,,Spyglass Ventures,MBA,,"Columbia University, Business School",2005-01-01,2010-09-20 00:14:46,2010-09-21 19:52:40,28453.0,28453.0,p:24208,f:1555,,,1.0,1.0,General Partner,2008-12-03 22:04:14,2010-09-07 17:36:43
p:24334,Dr. Hendrik,Brandis,,Earlybird Venture Capital,,Dr.-Ing. (PhD aerospace engineering,Technical University of Munich,1988-01-01,2013-09-04 04:32:02,2013-09-04 04:32:02,28582.0,28582.0,p:24334,f:1622,1997-01-01,,0.0,3.0,Partner,2008-12-04 09:43:36,2013-09-04 04:35:02
p:24734,Mark,Pretorius,,Premanco Ventures,,,,,,,29021.0,29021.0,p:24734,f:1641,,,0.0,2.0,Managing Partner,2008-12-10 18:45:31,2008-12-11 03:48:00
p:25394,Eduardo,Grytz,,Performa Investimentos,,,Universidade de São Paulo,2007-01-01,2013-05-14 14:19:06,2013-05-14 14:19:06,236973.0,236973.0,p:25394,f:1686,2004-09-01,,0.0,3.0,Partner,2013-05-14 14:21:22,2013-05-14 14:21:22
p:26112,Vadi,Efe,,sevenload,,,,,,,69496.0,69496.0,p:26112,c:45023,2009-11-01,,0.0,3.0,Managing Partner,2010-04-01 07:07:39,2011-08-11 17:11:19
p:26547,Martin,Saidler,,Centralway,,,,,,,125595.0,125595.0,p:26547,c:34692,2011-05-01,,0.0,1.0,Investor,2011-08-04 13:21:03,2011-08-04 17:26:21
p:26782,Steve,Bergin,,Generate Partners,,,,,,,31442.0,31442.0,p:26782,c:17008,,,0.0,1.0,Managing Partner,2009-01-14 22:55:33,2009-01-18 03:59:03
p:27246,Roman,Kikta,,Genesis Campus,BA,,Rutgers University,,2010-07-20 15:59:39,2010-07-20 19:48:39,31955.0,31955.0,p:27246,f:1945,2001-01-01,,0.0,1.0,General Partner,2009-01-21 21:42:49,2010-12-08 18:17:46
p:27327,Todd,Gitlin,Los Angeles,Safire Partners,BA,Organizational Management,California State University,,2013-11-30 16:23:05,2013-11-30 16:23:05,65242.0,65242.0,p:27327,c:41943,,,0.0,2.0,Managing Partner,2010-02-15 02:53:17,2010-02-16 19:43:53
p:27501,Kelly,Porter,,Woodside Capital Partners,MS,Sloan Fellow,Stanford University,1999-01-01,2009-11-17 10:43:29,2009-11-17 19:57:04,32242.0,32242.0,p:27501,f:1982,,,0.0,4.0,Managing Partner,2009-01-26 18:06:00,2009-11-17 19:56:55
p:27696,Carlos,Bhola,,Celsius Capital,,,,,,,32469.0,32469.0,p:27696,f:2002,,,0.0,1.0,Managing Partner,2009-01-28 20:35:45,2009-01-28 20:35:45
p:28116,Marcus,Ogawa,,Quest Venture Partners,BA,Continuing Graduate Studies,Stanford University,2008-01-01,2013-05-06 12:30:43,2013-08-01 10:17:08,32939.0,32939.0,p:28116,f:1037,2007-10-01,,0.0,6.0,Managing Partner,2009-02-05 19:02:48,2013-09-09 06:16:24
p:28501,Kylie,Sachs,,Ascend Venture Group,BA,Economics,Georgetown University,,2009-05-22 13:18:28,2009-05-22 13:18:28,33378.0,33378.0,p:28501,f:541,,,0.0,1.0,Partner,2009-02-12 19:10:58,2009-05-22 13:16:35
p:28622,Curtis,Morte,Roseville,Morthix,,,,,,,33524.0,33524.0,p:28622,c:18771,2009-04-01,2011-04-01,1.0,1.0,Managing Partner,2009-02-17 03:24:33,2012-07-10 21:00:26
p:30267,Amy,Nauiokas,,Anthemis Group,MS,International Business,Columbia University in the City of New York,1997-01-01,2013-09-19 15:26:47,2013-09-19 15:26:47,35625.0,35625.0,p:30267,f:2095,2011-01-01,,0.0,4.0,Venture Partner,2009-03-17 08:18:08,2013-09-19 15:33:10
p:30437,Joe,Spinelli,,Velocity Financial Group,,,,,,,35818.0,35818.0,p:30437,f:2169,2007-01-01,,0.0,1.0,Partner,2009-03-19 21:38:05,2011-05-25 17:45:26
p:31658,Tony,Huang,,Velocity Financial Group,MBA,,National Cheng-Chi University,,2013-12-04 09:55:41,2013-12-04 09:55:41,472681.0,472681.0,p:31658,f:614,,,0.0,2.0,Partner,2013-12-04 08:45:56,2013-12-04 08:45:56
p:32155,Haakon,Overli,,Dawn Capital,,Mathematics,University of Oslo,,2013-11-14 08:53:03,2013-11-14 08:53:03,38124.0,38124.0,p:32155,f:2325,,,0.0,2.0,Managing Partner,2009-04-23 15:39:29,2010-06-02 00:08:10
p:33399,Anton,Arts,,New Venture Partners,BA,,Nyenrode University,1989-01-01,2013-09-09 10:38:47,2013-09-09 10:38:47,39749.0,39749.0,p:33399,f:1926,,,0.0,4.0,Venture Partner,2009-05-15 19:41:04,2013-09-09 11:12:20
p:33497,John,Albright,Toronto,OCAD University,BA,Chartered Financial Analyst,CFA Institute,1986-01-01,2013-07-09 07:58:16,2013-11-25 19:26:35,70592.0,70592.0,p:33497,f:1058,2008-01-01,2010-01-01,1.0,4.0,Managing Partner,2010-04-16 14:07:06,2013-12-04 06:48:39
p:34091,Alexander,Tamas,,Digital Sky Technologies,,,,,,,125222.0,125222.0,p:34091,f:2534,2008-06-06,2013-01-01,1.0,2.0,Partner,2011-08-02 16:17:37,2013-06-17 09:49:56
p:34601,Zach,Klein,"Rochester, NY",Founder Collective,BA,Studio Art,Wake Forest,2004-01-01,2009-06-02 20:47:33,2009-06-04 00:28:03,41249.0,41249.0,p:34601,c:1606,,,1.0,4.0,Partner,2009-06-02 20:47:33,2010-11-23 15:39:05
p:34659,David,Anthony,,21Ventures,MBA,,The Tuck School of Business,,2009-06-03 11:45:25,2009-06-03 11:45:25,41318.0,41318.0,p:34659,f:645,2004-01-01,,0.0,2.0,Managing Partner,2009-06-03 11:42:16,2013-11-30 06:06:53
p:34896,David,P. Rizzo,,IDEA Fund Partners,BA,Economics,College of William & Mary,,2009-06-05 12:00:29,2009-06-05 12:00:29,41621.0,41621.0,p:34896,f:82,,,0.0,1.0,Managing Partner,2009-06-05 11:56:48,2010-12-24 21:38:35
p:34902,Robert A.,Ingram,,Hatteras Venture Partners,BS,Business Administration,Eastern Illinois University,,2009-06-05 12:23:35,2009-06-05 12:23:35,41628.0,41628.0,p:34902,f:2489,2007-01-24,,0.0,2.0,General Partner,2009-06-05 12:20:40,2013-11-25 06:00:47
p:35009,Bernard,Peperstraete,,NGN Capital,MBA,MBA,Harvard,,2013-10-20 02:39:49,2013-10-20 02:39:49,41784.0,41784.0,p:35009,f:2222,,,0.0,9.0,Partner,2009-06-06 15:05:57,2013-10-20 02:36:13
p:35079,Glenn,Manishin,Boston,Duane Morris LLP,JD,,"Columbia University, School of Law",1981-01-01,2009-06-07 15:44:44,2009-06-08 21:48:58,42124.0,42124.0,p:35079,c:24389,2008-01-01,,1.0,2.0,Partner,2009-06-09 16:28:21,2013-09-22 22:33:49
p:35284,AJ,Vaynerchuk,,VaynerMedia,,,,,,,42120.0,42120.0,p:35284,c:22381,,,0.0,1.0,Partner,2009-06-09 16:22:08,2011-06-08 14:11:56
p:35317,Jim,McDermott,"San Padro, CA",US Renewables,BA,Philosophy,Colorado College,1991-01-01,2011-09-18 23:30:13,2011-09-22 17:25:12,42156.0,42156.0,p:35317,f:2695,2003-01-01,,0.0,10.0,Managing Partner,2009-06-09 22:27:36,2010-11-08 02:08:35
p:36993,Eric,Duong,,Same Page Capital,BA,Political Science,"University of California, Berkeley",1990-01-01,2009-12-17 01:28:29,2009-12-17 01:56:59,44181.0,44181.0,p:36993,c:9406,,,0.0,1.0,Consultant,2009-06-24 18:37:43,2009-12-17 01:57:05
p:37547,Krish,Prabhu,,Mobility Ventures,,,,,,,44945.0,44945.0,p:37547,f:2973,,,1.0,1.0,Venture Partner,2009-07-02 22:43:52,2011-05-23 01:59:37
p:38062,Brendon,Kensel,,Kensel & Co.,,,,,,,45621.0,45621.0,p:38062,f:3205,,,0.0,2.0,Managing Partner,2009-07-11 19:25:48,2011-04-08 23:25:06
p:38690,Keyvan,Nilforoushan,,NextStage,,,,,,,46507.0,46507.0,p:38690,f:3335,,,0.0,1.0,Managing Partner,2009-07-23 08:51:58,2009-07-24 22:09:18
p:38913,Larry,Burke,,Burke & Burke Design,,,,,,,46796.0,46796.0,p:38913,c:28281,,,0.0,1.0,Partner,2009-07-27 17:31:50,2009-07-27 21:25:16
p:39200,Samuel,Angus,,Fenwick & West,JD,Law,UC Hastings,1993-01-01,2009-07-31 20:02:57,2009-07-31 20:02:57,47152.0,47152.0,p:39200,c:15280,,,0.0,1.0,Partner,2009-07-31 20:02:57,2011-01-17 19:59:45
p:39563,Deborah,Collins,,Soya Marketing,,,,,,,47597.0,47597.0,p:39563,c:28834,,,0.0,1.0,Partner,2009-08-04 23:30:06,2009-08-05 00:34:03
p:39981,Nathanial,Trienens,,Fuzz Productions,BS,Computer Science,Northwestern University,1998-01-01,2012-01-12 18:54:07,2012-01-13 23:48:47,48164.0,48164.0,p:39981,c:29327,,,0.0,1.0,Partner,2009-08-11 13:44:05,2011-08-27 00:15:11
p:40240,Armando,Machado,"Porto, Portugal",Infineon,BS,Software Engineering,City University London,1999-01-01,2009-08-16 08:31:41,2009-08-17 00:43:44,48510.0,48510.0,p:40240,c:26471,,,1.0,1.0,Consultant,2009-08-16 08:31:42,2013-09-11 07:30:21
p:40393,Thomas S.,Huseby,,Sea Point Ventures,,,,,,,48707.0,48707.0,p:40393,f:3473,,,0.0,1.0,Managing Partner,2009-08-19 10:17:49,2009-08-19 10:17:49
p:41218,Patrick,Ruffini,,Republican National Committee,BA,,University of Pennsylvania,2000-01-01,2009-09-03 00:32:49,2009-09-04 19:22:29,57077.0,57077.0,p:41218,c:31026,2007-03-01,,0.0,1.0,Partner,2009-11-24 20:39:54,2009-11-24 22:48:13
p:41440,Lior,Zorea,,Perkins Coie,,,,,,,50083.0,50083.0,p:41440,c:31167,,,0.0,1.0,Partner,2009-09-07 23:46:27,2011-08-22 22:56:45
p:41967,James,Stolp,,CloudProfile,,,,,,,114788.0,114788.0,p:41967,c:77253,2010-11-01,,0.0,4.0,Managing Partner,2011-05-24 16:58:41,2012-07-05 18:07:05
p:42820,Anne,Dixon,,Amgen,,,,,,,51992.0,51992.0,p:42820,c:32692,,,0.0,6.0,Managing Partner,2009-09-28 17:44:58,2010-10-25 02:12:19
p:42911,Luis,Rivera Gurrea-Nozaleda,Madrid,Okuri Ventures,MBA,,INSEAD,,2009-12-24 10:46:39,2009-12-24 21:14:37,60251.0,60251.0,p:42911,f:4140,,,0.0,9.0,Partner,2009-12-23 23:00:25,2009-12-23 23:47:25
p:43380,Ajay,Arumugam,,SocialTab,BA,Economics - Business Management,Michigan State University,,2009-10-20 16:51:58,2013-11-19 03:34:20,52716.0,52716.0,p:43380,c:33315,,,0.0,1.0,Managing Partner,2009-10-06 19:45:54,2013-11-15 03:27:03
p:44785,Staffan,Helgesson,,Creandum,MS,,Center for Venture Education - CVE,2007-01-01,2013-09-12 06:17:36,2013-09-12 06:17:36,54712.0,54712.0,p:44785,f:1145,2003-03-03,,0.0,2.0,General Partner,2009-10-29 08:21:42,2013-04-15 06:10:37
p:44811,Saul,Richter,,Emerald Stage2 Ventures,MBA,,"Columbia University, Business School",1999-01-01,2013-07-01 23:46:23,2013-07-02 12:37:27,54745.0,54745.0,p:44811,f:3765,2008-03-01,,0.0,2.0,Managing Partner,2009-10-29 16:29:32,2009-10-30 23:32:36
p:45155,Alexander,Stoeckel,,Brains-To-Ventures (dup).. try BrainsToVentures,MBA,International Business & Administration,"University of Oxford, Said Business School",2006-01-01,2011-04-11 14:07:07,2011-04-12 18:26:12,55232.0,55232.0,p:45155,f:3782,,,0.0,1.0,Partner,2009-11-05 08:31:54,2013-03-01 06:52:56
p:45421,Eric,Paley,,Founder Collective,MBA,,Harvard University,2003-01-01,2009-11-09 21:17:54,2013-08-03 10:15:54,55607.0,55607.0,p:45421,f:3809,2009-01-01,,0.0,4.0,Managing Partner,2009-11-09 20:10:52,2013-08-12 08:17:57
p:45647,Tom,Van den Berckt,,Personera,,MBA,University of Cape town,2006-01-01,2009-11-12 06:16:53,2009-11-12 09:47:03,55914.0,55914.0,p:45647,c:35581,2009-01-01,,1.0,1.0,Investor,2009-11-11 22:52:26,2011-02-03 00:59:07
p:46085,Robert,Augenstein,,nexDimension Technology Solutions,,,,,,,56502.0,56502.0,p:46085,c:35990,,,0.0,1.0,Managing Partner,2009-11-17 22:47:27,2009-11-18 18:01:07
p:46833,Eric,Lefkofsky,,Groupon,BA,,University of Michigan,,2009-12-01 20:09:55,2013-08-22 08:53:41,67913.0,67913.0,p:46833,f:4736,2010-03-15,,0.0,6.0,Partner,2010-03-15 16:44:29,2013-09-02 10:20:40
p:47015,Michael,Price,,CEO Ventures,,,,,,,57709.0,57709.0,p:47015,f:3956,2000-01-01,,0.0,1.0,General Partner,2009-12-03 06:02:50,2009-12-03 18:36:26
p:47313,Ross,Meador,Mexico,Rogers & Meador,JD,,"University of California, Berkeley, Boalt School of Law",1986-01-01,2009-12-07 22:26:08,2009-12-07 23:28:21,68561.0,68561.0,p:47313,c:44342,2003-01-01,,0.0,1.0,Partner,2010-03-22 17:58:13,2012-03-25 06:27:47
p:47525,Rory,O'Driscoll,Ireland,Scale Venture Partners,BS,Economics,London School of Economics,1987-01-01,2009-12-10 04:19:54,2013-06-29 03:43:30,72213.0,72213.0,p:47525,f:518,1994-01-01,,0.0,11.0,Partner,2010-05-03 23:27:49,2013-06-29 03:36:49
p:47535,Kishore,Ganji,"Hyderabad, India",Addepar,MBA,Sales and Marketing,University of Georgia,2003-01-01,2013-01-31 16:37:58,2013-02-02 02:58:35,194327.0,194327.0,p:47535,c:64596,,,0.0,6.0,Investor,2013-01-31 16:36:23,2013-07-16 04:25:51
p:48205,Robert,Siegel,Los Angeles,XSeed Capital,BA,Political Science,"University of California, Berkeley",1989-01-01,2013-07-23 18:11:24,2013-07-23 18:16:00,75953.0,75953.0,p:48205,f:2246,2008-01-01,,0.0,7.0,General Partner,2010-06-13 21:22:48,2010-06-15 02:05:35
p:48346,Douglas,Abrams,,First Meta,BA,Communications and received,The Wharton School of the University of Pennsylvania,,2013-05-24 12:33:50,2013-05-24 12:33:50,59518.0,59518.0,p:48346,f:4063,,,0.0,5.0,Partner,2009-12-18 02:23:55,2011-05-18 21:15:30
p:48473,Saif,AlShamsi,,TLG,,,,,,,59658.0,59658.0,p:48473,c:38048,1995-01-05,,0.0,1.0,Partner,2009-12-19 05:53:59,2011-07-09 12:22:49
p:48557,Timothy,Post,United States,Runet Labs,MBA,Entrepreneurial Studies,Olin School of Business at Babson College,1996-01-01,2009-12-20 10:12:16,2009-12-20 17:25:37,80222.0,80222.0,p:48557,c:53099,2010-01-01,,0.0,2.0,Managing Partner,2010-07-30 20:40:53,2010-08-02 16:38:02
p:48686,Scott,Sutherland,,SutherlandGold Group,,,,,,,59950.0,59950.0,p:48686,c:38217,,,0.0,1.0,Partner,2009-12-22 03:26:01,2011-10-28 03:49:07
p:49288,Francesco,Santinon,,Spirit Capital Partners,,,,,,,60730.0,60730.0,p:49288,f:4148,,,0.0,1.0,Managing Partner,2009-12-30 09:19:15,2009-12-30 09:19:15
p:49379,Marc,J. La Magna,,Turnstone Capital Management,MBA,,Amos Tuck School,1995-01-01,2009-12-31 07:48:00,2012-03-25 17:27:35,60832.0,60832.0,p:49379,f:3704,,,0.0,4.0,Managing Partner,2009-12-31 07:40:52,2013-09-20 22:44:34
p:50513,Piers,Cooper,,Board of Advisors,,,,,,,62327.0,62327.0,p:50513,f:4239,2009-05-01,,0.0,3.0,Partner,2010-01-15 01:56:24,2010-01-15 21:43:05
p:51479,Rick E.,Wittenbraker,,Stage One Capital,BA,,University of Texas at Austin,1998-01-01,2010-04-16 18:47:04,2010-04-16 21:17:45,63556.0,63556.0,p:51479,f:4327,,,0.0,5.0,General Partner,2010-01-28 00:57:55,2010-01-28 01:45:12
p:51505,Jean,Bourcereau,,Ventech,BS,Telecommunication,ENST,1997-01-01,2013-08-04 10:48:02,2013-09-28 10:36:57,63592.0,63592.0,p:51505,f:952,2000-09-01,,0.0,6.0,Managing Partner,2010-01-28 10:04:28,2013-08-04 10:46:15
p:51567,Martin,Jones,,March Communications,,,,,,,63651.0,63651.0,p:51567,c:40944,,,0.0,1.0,Managing Partner,2010-01-28 20:43:20,2010-01-29 20:03:22
p:51746,Chris,Mills,Alabama,Mindrally,BA,"Economics & Business, Concentration in Financial Management",Virginia Military Institute,,2013-11-07 10:44:15,2013-11-07 10:44:15,63863.0,63863.0,p:51746,c:41063,,,0.0,1.0,Partner,2010-01-31 01:41:30,2010-01-31 04:32:07
p:51763,Ric,Shreves,,water&stone,BA,Performing Arts,St. Mary's,1984-01-01,2010-02-03 10:13:33,2010-02-03 18:33:23,63885.0,63885.0,p:51763,c:41080,2003-10-01,,0.0,2.0,Partner,2010-01-31 11:38:41,2010-02-03 18:36:43
p:52013,Torsten,Hoffmann,Germany,Global Media Consult,MBA,Management,University of Oxford,2010-01-01,2010-02-03 14:59:45,2010-02-05 01:21:49,64234.0,64234.0,p:52013,c:41301,2008-02-01,2010-02-03,1.0,1.0,Partner,2010-02-03 14:59:45,2010-02-05 01:21:50
p:52073,Marty,Cagan,,Silicon Valley Technology Group,,,,,,,64315.0,64315.0,p:52073,f:2753,,,0.0,1.0,Partner,2010-02-04 09:53:33,2010-02-04 09:53:33
p:52585,Steven,VonDeak,,AppFury,BA,Economics,University of Rochester,2005-01-01,2010-04-14 19:24:24,2010-04-15 19:37:20,64960.0,64960.0,p:52585,c:41794,2009-09-01,,0.0,1.0,Partner,2010-02-11 22:25:44,2012-02-23 05:17:33
p:52788,John,Rampton,"Salt Lake City, Utah",Adogy,BS,Economics,University of Utah,2008-01-01,2010-02-15 00:07:34,2010-02-15 20:29:24,65236.0,65236.0,p:52788,c:41937,2009-11-10,,0.0,4.0,Partner,2010-02-15 00:07:34,2010-02-15 20:29:24
p:53719,Dan,Lynn,Colorado,Spider Web Labs,,Computer Science,Metropolitan State College of Denver,2002-01-01,2013-07-04 20:34:13,2013-07-04 20:34:13,66531.0,66531.0,p:53719,c:42900,2004-02-01,2008-12-31,1.0,1.0,Partner,2010-03-01 18:14:10,2010-03-01 18:51:38
p:54057,Rob,Meadows,,Thrive Fashion,MS,Computer Science,University of Arizona,2000-01-01,2010-03-07 00:37:33,2010-03-07 01:41:54,67010.0,67010.0,p:54057,c:43235,2007-03-01,,0.0,8.0,Partner,2010-03-07 00:37:33,2013-08-25 06:09:48
p:54166,Derek,Norton,,Watertower Group,BA,Communications,University of Southern California (USC),1987-01-01,2010-03-27 12:46:20,2010-03-28 23:36:48,67177.0,67177.0,p:54166,f:4656,,,0.0,1.0,Managing Partner,2010-03-08 21:31:16,2010-03-08 21:42:54
p:54248,Emanuele,Tha,Milan,Moai Capital Venture,MS,Corporate and Commercial Law,UniversitÃ  degli studi di Milano,2003-01-01,2010-03-10 12:21:29,2010-03-10 17:41:12,67281.0,67281.0,p:54248,f:4642,2010-01-18,,0.0,1.0,Partner,2010-03-09 19:17:30,2010-03-09 21:55:16
p:54742,Baillie,Parker,,Converge Executive Search,,,,,,,67981.0,67981.0,p:54742,c:43888,,,1.0,1.0,Partner,2010-03-15 22:38:28,2011-08-24 18:48:16
p:54867,Gautam,Ghosh,India,2020 Social,,,,,,,68144.0,68144.0,p:54867,c:44009,2009-10-20,2010-06-30,1.0,1.0,Consultant,2010-03-17 10:55:08,2010-07-07 20:56:56
p:55154,Ben,Lerer,New York,Lerer Ventures,,,University of Pennsylvania,2003-01-01,2012-05-17 02:36:31,2012-05-17 02:36:31,68549.0,68549.0,p:55154,f:4691,2010-02-01,,0.0,2.0,Partner,2010-03-22 17:03:40,2010-03-22 17:03:40
p:55846,Howard,H. Thaw,"Cornwall, ON CANADA",HELP.VC,,,,,,,69486.0,69486.0,p:55846,c:45006,,,0.0,1.0,Managing Partner,2010-04-01 01:11:37,2010-04-01 01:19:10
p:56596,David,Castor,"Oakland, CA",Alerding Castor Hewitt,JD,Law,Indiana University,2002-01-01,2010-04-15 12:32:41,2010-04-16 18:01:08,70499.0,70499.0,p:56596,c:39034,2007-04-01,,0.0,1.0,Partner,2010-04-15 12:32:42,2010-04-16 18:01:08
p:56909,Zach,Richardson,"Provo, UT",Think Eight,BS,Asian Studies / Japanese,Brigham Young University,2009-01-01,2010-04-20 15:04:44,2010-04-20 18:30:30,70929.0,70929.0,p:56909,c:44477,,,1.0,1.0,Managing Partner,2010-04-20 15:04:44,2012-08-14 10:59:59
p:57677,Rudy,Burger,,Woodside Capital Partners,MS,EE,Yale University,1980-01-01,2010-04-30 00:14:24,2010-04-30 02:53:25,71910.0,71910.0,p:57677,f:3799,2005-01-01,,0.0,1.0,Managing Partner,2010-04-30 00:14:24,2010-04-30 02:53:25
p:58084,Al,Shaw,"Providence, RI",Skeey Interactive LLC,BS,Accounting,Bryant University,1996-01-01,2010-05-04 23:11:52,2010-05-04 23:18:04,72398.0,72398.0,p:58084,c:47239,2000-12-01,,0.0,3.0,Partner,2010-05-04 23:11:53,2010-05-04 23:18:04
p:58332,Tre,Zimmerman,,Nero Inc,,,,,,,72680.0,72680.0,p:58332,c:47432,2008-08-01,2010-04-01,1.0,4.0,Managing Partner,2010-05-06 22:28:55,2011-07-12 17:50:51
p:58990,James,Ford,Saint Louis MO,ABCO Global,BS,Physics,SIU,1969-01-01,2010-05-15 02:56:01,2010-05-17 17:10:05,73413.0,73413.0,p:58990,c:47972,1983-06-01,,0.0,1.0,Consultant,2010-05-15 02:56:01,2010-05-17 17:10:05
p:59315,Brad,Gillespie,,IA Ventures,PhD,Electrical Engineering,University of Washington,2002-01-01,2013-05-21 13:02:12,2013-08-17 05:18:51,73842.0,73842.0,p:59315,f:4356,2010-01-01,,0.0,7.0,General Partner,2010-05-19 23:23:34,2013-08-17 05:17:26
p:59362,Davor,Hebel,,Fidelity Growth Partners Europe,,,,,,,73886.0,73886.0,p:59362,f:5412,,,0.0,1.0,Partner,2010-05-20 09:07:58,2011-07-28 16:55:55
p:59433,Glenn,McGonnigle,,TechOperators,BS,Mechanical Engineering,University of Virginia,1984-01-01,2012-09-20 18:46:31,2012-10-04 07:08:35,73978.0,73978.0,p:59433,f:3881,2008-09-01,,0.0,3.0,General Partner,2010-05-20 21:24:51,2013-09-04 02:54:09
p:59576,Gary F.,Patton,"Toronto, ON CAN","Patton Associates, People Development Coaches & Consultants",MS,Social Sciences,University of Toronto,1975-01-01,2010-05-23 23:54:52,2010-05-26 17:21:22,74187.0,74187.0,p:59576,c:48424,1987-06-27,,0.0,2.0,Managing Partner,2010-05-23 23:54:52,2010-05-28 20:21:45
p:60231,Joseph,Kim,,m8 Capital,,,,,,,79731.0,79731.0,p:60231,f:5538,2010-04-29,,0.0,1.0,Partner,2010-07-26 21:50:37,2010-07-27 00:04:43
p:62427,Olivier,SANVITI,Massy,Gramond & AssociÃ©s,MS,European Business,ESCP EUROPE,1998-01-01,2010-07-02 20:47:33,2010-07-07 21:31:02,77584.0,77584.0,p:62427,c:50804,2007-12-01,,0.0,1.0,Partner,2010-07-02 20:47:33,2010-07-07 21:31:02
p:64240,Sundeep,Peechu,,Felicis Ventures,MBA,,Stanford University,,2012-06-11 15:42:12,2012-06-11 15:42:12,79708.0,79708.0,p:64240,f:446,2010-06-01,,0.0,1.0,Partner,2010-07-26 18:22:02,2013-08-26 21:46:11
p:64547,Deana,Smart Zegna,Essex,Sonet Digital Ltd,,,,,,,80082.0,80082.0,p:64547,c:13842,2010-07-02,,0.0,1.0,Partner,2010-07-29 09:24:29,2013-03-28 15:09:27
p:64677,Lars,Leckie,Canada,Influitive,MS,Aeronautical Engineering,Stanford University,1998-01-01,2013-04-23 12:55:15,2013-07-23 08:26:53,215540.0,215540.0,p:64677,c:71933,2012-12-01,,0.0,14.0,Investor,2013-04-23 12:56:27,2013-07-23 07:38:47
p:65037,Hani,Iskander,,Accelerator Capital Pty Ltd,BS,Computer Science,University of Technology,1979-01-01,2013-04-12 15:16:35,2013-04-12 15:16:35,207113.0,207113.0,p:65037,c:53370,2000-01-01,,0.0,3.0,Managing Partner,2013-04-12 15:10:54,2013-04-12 15:10:54
p:67864,Tomas,McGuinness,Ireland,CMG Telecommunications,BS,Applied Physics,Dublin City University,2000-01-01,2010-09-02 09:39:18,2010-09-03 22:20:23,84221.0,84221.0,p:67864,c:55681,2000-08-01,2003-04-01,1.0,1.0,Consultant,2010-09-02 09:41:40,2010-09-03 22:20:25
p:68121,Mert Giray,ILHAN,,IBM Global Services,MBA,International Business,Grenoble Ecole de Management,,2010-09-04 19:36:17,2010-09-07 19:43:27,84410.0,84410.0,p:68121,c:52751,,,0.0,1.0,Consultant,2010-09-04 19:36:17,2010-09-07 19:43:26
p:68200,jon,griffin,dublin,iCapital,,,,,,,84487.0,84487.0,p:68200,c:55912,,,0.0,3.0,Partner,2010-09-06 07:19:33,2010-09-07 21:40:52
p:68357,Raymond,Luk,Canada,Year One Labs,MBA,,Cornell University,2008-01-01,2010-09-07 13:50:58,2010-09-07 22:39:13,84661.0,84661.0,p:68357,c:56034,2010-09-07,,0.0,7.0,Managing Partner,2010-09-07 13:50:59,2010-09-07 22:39:11
p:68543,Jonathan,Moore,"Lexington, KY",Trifecta Media,BA,New Media,University of Kentucky,2000-01-01,2010-09-09 06:35:40,2010-09-13 22:34:50,84909.0,84909.0,p:68543,c:56182,2010-01-01,,0.0,1.0,Partner,2010-09-09 06:35:40,2011-05-12 19:22:01
p:69452,Jason,Sugawa,"El Paso, TX",Clutch Creative,,,,,,,207309.0,207309.0,p:69452,c:56933,,,0.0,1.0,Partner,2013-04-13 04:58:01,2013-04-13 04:58:01
p:69462,Matt,Ocko,,Zoom Video Communications,BS,Physics,Yale University,2000-01-01,2013-05-16 19:38:02,2013-09-03 05:13:26,176303.0,176303.0,p:69462,c:169060,2011-08-01,,0.0,3.0,Angel Investor,2012-09-04 21:42:57,2013-09-03 05:15:29
p:69514,Nick,Ralph,US,RCPR,,,,,,,86093.0,86093.0,p:69514,c:57006,2005-09-01,2009-03-01,1.0,1.0,Managing Partner,2010-09-19 03:17:10,2013-04-16 20:17:54
p:70223,Jeffrey,Stewart,,Green Doorways Media Group (www.squeakersandfriends.com),,,,,,,86908.0,86908.0,p:70223,c:57558,2009-03-01,,0.0,1.0,Partner,2010-09-27 23:12:30,2010-10-08 19:05:42
p:70454,Ben,Grossman-Kahn,San Francisco,Stanford d.School,MS,"Learning, Design, Technology",Stanford University,2010-01-01,2010-09-30 06:00:52,2010-10-05 12:06:08,87166.0,87166.0,p:70454,c:57751,2008-09-20,,0.0,2.0,Consultant,2010-09-30 06:00:52,2010-10-05 12:06:07
p:71825,Silvia,Prado,,Logos PR,,,,,,,88746.0,88746.0,p:71825,c:58940,,,0.0,1.0,Managing Partner,2010-10-13 23:50:38,2010-10-14 20:43:14
p:73093,Riitta,Raesmaa,,Sopima,,,,,,,90276.0,90276.0,p:73093,c:36101,,,0.0,1.0,Partner,2010-10-26 18:57:37,2010-10-28 22:10:44
p:73412,Bert,Baeck,Antwerp,D square N.V.,MS,Automation,Ugent,2005-01-01,2010-10-29 18:39:44,2010-10-30 00:14:26,92291.0,92291.0,p:73412,c:61470,2007-12-01,,0.0,1.0,Managing Partner,2010-11-14 09:49:29,2010-11-15 02:05:37
p:74657,Ralph,de Geus,Haarlem,Wannahaves,,,,,,,184125.0,184125.0,p:74657,c:176859,2012-07-01,,0.0,2.0,Managing Partner,2012-11-07 14:37:09,2012-11-08 21:59:26
p:74964,Kivanc,Toker,Istanbul,T&G,MS,Informatics + Business Administration,TU MÃ¼nchen,2006-01-01,2010-11-16 16:48:00,2010-11-18 18:44:10,92538.0,92538.0,p:74964,c:61627,2008-02-15,,0.0,1.0,Managing Partner,2010-11-16 16:48:00,2010-11-18 18:44:10
p:77013,Carsten,Kolbek,Denmark,Rainmaking,MBA,Business,Nottingham University Business School,2001-01-01,2010-12-10 14:31:08,2010-12-11 00:18:06,94946.0,94946.0,p:77013,c:63714,2007-01-01,,0.0,1.0,Partner,2010-12-10 14:31:08,2013-07-08 02:40:33
p:77344,David,Jouarisse,FRANCE,Akka Venture,BS,,University of Manchester Institute of Science and Technology,2007-01-01,2010-12-15 23:41:17,2010-12-16 08:11:18,95342.0,95342.0,p:77344,f:6745,2006-01-01,,0.0,1.0,Partner,2010-12-15 23:41:17,2010-12-16 08:11:18
p:77597,Piotr,Sienkiewicz,,hardGamma Ventures,,,,,,,95660.0,95660.0,p:77597,f:6751,,,1.0,2.0,Partner,2010-12-18 12:32:47,2012-10-08 18:22:35
p:77923,Surinder,Jaggi,Palampur,Bellwort Technologies,MS,Computers,C-DAC Noida,2010-01-01,2010-12-22 07:13:11,2010-12-25 18:40:19,96074.0,96074.0,p:77923,c:64607,2008-01-07,,0.0,2.0,Consultant,2010-12-22 07:13:11,2010-12-25 18:40:18
p:78510,Patrick,Newell,Maine,Civitas Energy,BS,Computer Science,Lehigh University,2002-01-01,2010-12-30 21:10:11,2011-01-02 02:38:50,96755.0,96755.0,p:78510,c:65177,2009-09-24,,0.0,2.0,Partner,2010-12-30 21:10:11,2011-01-02 02:38:50
p:79028,Jeremiah,Daly,,Telerik,BA,Degree,Dartmouth College,2004-01-01,2013-05-14 04:43:21,2013-05-14 04:43:21,149754.0,149754.0,p:79028,c:76595,2006-11-01,,0.0,5.0,Investor,2012-02-24 16:50:28,2013-05-14 04:33:41
p:79443,Claude,Florin,New York,Lemoptix,MS,EE,EPFL,1982-01-01,2011-01-11 19:13:50,2011-01-20 02:39:11,97835.0,97835.0,p:79443,c:65908,2010-01-01,2012-07-02,1.0,2.0,Investor,2011-01-11 19:13:50,2012-07-02 16:35:06
p:79516,Vishnu,Amble,"Chicago, IL",The Carlyle Group,BS,"Computer Science, Economics, Asian Studies",University of Michigan,,2013-06-21 09:46:21,2013-06-21 22:19:07,282535.0,282535.0,p:79516,f:4020,2010-01-01,2013-01-01,1.0,2.0,Investor,2013-06-21 09:47:19,2013-06-21 22:19:11
p:81246,Andy,Getsey,California,"Atomic, a Grayling Agency",BA,Pyschology,"Cal State University, Fresno",1980-01-01,2011-01-28 17:27:08,2011-01-29 02:18:24,103922.0,103922.0,p:81246,c:70243,2007-01-02,,0.0,2.0,Partner,2011-03-02 23:48:07,2013-03-14 04:48:22
p:81281,Dana Brandon,Kreiss,New York City,BreakTheCrates.com,BS,Marketing and New Media (double major),Emerson College,2006-01-01,2011-01-29 00:46:45,2012-06-27 16:41:12,109914.0,109914.0,p:81281,c:74025,2007-08-22,,0.0,1.0,Managing Partner,2011-04-18 18:28:52,2013-01-05 23:22:48
p:81339,Scott,Howard,Canada,Investment Ready Partners,BA,Political Science,University of Western Ontario,2003-01-01,2011-01-29 21:16:38,2011-02-01 06:03:37,99937.0,99937.0,p:81339,c:67441,2010-01-01,,0.0,1.0,Partner,2011-01-29 21:16:38,2013-10-24 06:52:59
p:82342,Steven,Noels,,Outerthought,BS,,Artevelde Hogeschool Gent,1992-01-01,2013-04-15 03:14:23,2013-04-15 03:14:23,101068.0,101068.0,p:82342,c:68198,2001-10-01,,0.0,1.0,Managing Partner,2011-02-08 06:46:18,2011-02-10 06:31:48
p:82750,Paco,Sandejas,,Narra Venture Capital,PhD,Electrical Engineering,Stanford University,1995-01-01,2011-02-15 17:42:26,2013-06-16 03:03:48,101570.0,101570.0,p:82750,f:5948,2001-12-01,,0.0,18.0,Managing Partner,2011-02-11 16:38:27,2013-06-16 02:56:30
p:84378,Gil,Katz,canada,comic reply,BS,Math and Interactive Media Design,University of Toronto,2003-01-01,2013-07-16 05:17:29,2013-07-16 05:17:29,103426.0,103426.0,p:84378,c:69865,,,0.0,1.0,Managing Partner,2011-02-27 05:15:31,2011-03-01 22:28:44
p:86525,Israel,L'Heureux,,Double Good,BS,Product Design,Stanford University,1993-01-01,2011-03-21 19:17:50,2011-03-25 22:12:45,105995.0,105995.0,p:86525,c:71651,2011-03-21,2011-08-01,1.0,1.0,Investor,2011-03-21 19:17:50,2012-04-22 04:27:26
p:86553,Eric,Rosenfeld,,Capybara Ventures,MBA,Business,IMD,,2011-07-11 20:38:11,2011-07-11 21:50:34,106027.0,106027.0,p:86553,f:5578,,,0.0,2.0,Managing Partner,2011-03-21 21:57:31,2011-03-22 21:29:20
p:88691,Hezekiah,Griggs III,,H360 Capital,,,,,,,108484.0,108484.0,p:88691,f:7232,2011-03-01,,0.0,1.0,Managing Partner,2011-04-06 03:52:42,2011-04-08 23:47:38
p:88817,Larry,Tey,,global capital,,,,,,,108652.0,108652.0,p:88817,f:6416,,,0.0,1.0,Managing Partner,2011-04-07 09:31:46,2011-04-11 02:48:01
p:89416,Rodrigo,Baer,Sao Paulo,Warehose Investimentos,MBA,MBA,"Northwestern University, Kellogg School of Management",2007-01-01,2011-04-13 17:25:04,2011-04-16 18:35:40,109386.0,109386.0,p:89416,f:7282,2010-11-01,,0.0,2.0,Partner,2011-04-13 17:25:05,2011-04-16 18:35:39
p:89823,Andrey,Kolodyuk,,AVentures Capital,,Polical Culture and Ideology,V. M. Koretsky Institute of State and Law under NASU,2005-01-01,2013-04-15 11:07:43,2013-04-15 11:07:43,109861.0,109861.0,p:89823,c:73990,1994-01-01,,0.0,2.0,Managing Partner,2011-04-18 09:51:21,2012-04-04 05:32:07
p:89826,H. Kerem,Cevahir,Turkey,Portakal Tech.,BS,Electrical and Electronics Engineering,METU,2008-01-01,2011-04-18 11:03:28,2011-04-18 22:35:50,109863.0,109863.0,p:89826,c:73992,2005-09-01,2007-06-01,1.0,1.0,Consultant,2011-04-18 11:03:28,2011-04-18 22:35:49
p:90235,Jack,Rapport,,"Zanett, Inc.",,,,,,,110376.0,110376.0,p:90235,f:7314,2001-01-01,2007-01-01,1.0,1.0,Managing Partner,2011-04-21 15:17:27,2011-04-23 04:32:34
p:90405,Carter,Weiss,,SILAS Capital,,,,,,,110582.0,110582.0,p:90405,f:7327,,,0.0,3.0,Managing Partner,2011-04-22 21:57:08,2011-04-25 02:48:47
p:90430,Wessel,Kooyman,Netherlands,Cole Street Consulting,,,,,,,110625.0,110625.0,p:90430,c:68818,,,0.0,1.0,Managing Partner,2011-04-23 08:46:01,2011-04-25 01:29:48
p:91367,Scott,Kirby,Bradford,BreakTheSeal,BA,Business & Management,Leeds Metropolitan,2010-01-01,2011-07-10 18:39:51,2011-07-10 20:41:05,111706.0,111706.0,p:91367,c:75165,2010-06-01,,0.0,1.0,Partner,2011-05-02 14:34:03,2012-05-13 08:06:05
p:91677,Alex,Moss,"Manchester, UK",Pleer,,,,,,,112022.0,112022.0,p:91677,c:75362,2003-01-01,,0.0,2.0,Partner,2011-05-04 12:54:28,2011-05-13 13:46:34
p:92490,Doug,Chertok,,Dace Ventures,,,,,,,189140.0,189140.0,p:92490,f:502,,,0.0,1.0,Venture Partner,2012-12-19 11:19:18,2013-08-26 04:02:40
p:93592,Harry,Tsao,,Juvo Capital,BS,Marketing,USC,1993-01-01,2012-05-05 07:15:46,2012-05-11 22:58:44,114221.0,114221.0,p:93592,f:7439,,,0.0,1.0,General Partner,2011-05-20 08:12:11,2011-05-23 14:49:50
p:95756,Jamey,Jeff,,Day2 Ventures,MBA,,"The Wharton School, University of Pennsylvania",,2013-11-16 14:18:00,2013-11-16 14:18:00,116478.0,116478.0,p:95756,f:7522,2011-01-01,,0.0,3.0,Partner,2011-06-08 00:00:59,2011-06-17 22:41:02
p:96180,John,Gradek,Montreal,Stanton Chase,MBA,Business,Ivey,1975-01-01,2011-06-10 14:19:47,2011-06-15 23:27:39,116923.0,116923.0,p:96180,c:78770,2008-04-01,,0.0,1.0,Partner,2011-06-10 14:19:47,2011-06-15 23:27:39
p:96316,David,Teten,Northern California,ff Venture Capital,MBA,,Harvard University,,2011-09-19 19:21:01,2011-09-23 07:25:45,127107.0,127107.0,p:96316,f:5233,,,0.0,11.0,Partner,2011-08-15 15:08:09,2011-08-15 19:12:27
p:97921,John,Tummolo,"Bronx, NY",U.S. Trust Company,BS,Technical Management and Computer Science,DeVry University,2008-01-01,2011-06-23 18:02:18,2011-06-23 21:22:47,118757.0,118757.0,p:97921,f:7606,1990-12-04,1994-02-04,1.0,1.0,Consultant,2011-06-23 18:02:18,2011-06-23 21:22:46
p:98217,Ashoke,Bose,"Calcutta, India",Bose International Investement Fund,BS,Mechanical Engineering,"Indian Institute of Technology, Kharagpur",1979-01-01,2011-06-26 16:49:53,2011-06-27 03:38:28,119112.0,119112.0,p:98217,c:80251,1999-04-02,2012-01-01,1.0,3.0,Managing Partner,2011-06-26 16:49:54,2013-10-13 12:02:38
p:99323,Jehzeel,Laurente,Quezon City,PicLyf,,,,,,,120791.0,120791.0,p:99323,c:59845,,,0.0,1.0,Angel Investor,2011-07-07 10:47:37,2011-07-07 12:16:08
p:99651,Anis,Uzzaman,,Fenox Venture Capital,MS,Electrical & Computer Engineering,Oklahoma State University,,2012-02-15 20:00:03,2012-02-17 08:09:04,120693.0,120693.0,p:99651,f:7625,,,0.0,1.0,General Partner,2011-07-07 00:20:19,2012-08-14 09:49:36
p:101553,J. Todd,Bonner,"Philadelphia, Pa",Axion Pacific Capital,BS,Biological Sciences,Stanford University,1989-01-01,2011-07-19 21:50:52,2011-07-20 20:05:51,122804.0,122804.0,p:101553,c:82663,2003-09-15,,0.0,5.0,Managing Partner,2011-07-19 21:50:52,2011-07-20 20:05:50
p:101668,Jim,Thomas,,Information Asset Strategy Group,BA,German & Economics,Franklin & Marshall College,1987-01-01,2011-07-20 15:36:41,2011-07-21 17:59:19,122934.0,122934.0,p:101668,c:82730,,,1.0,1.0,Managing Partner,2011-07-20 15:36:41,2011-07-21 17:59:19
p:102403,Shannon,Rentner,"Los Angeles, CA",Brigh Whistle,,,University of Notre Dame,,2011-07-26 15:54:30,2011-07-26 17:24:38,123791.0,123791.0,p:102403,c:83215,2009-05-01,2011-07-01,1.0,6.0,Consultant,2011-07-26 15:54:30,2011-07-26 17:24:37
p:103146,Marc,Griefahn,Hamburg,CMC,BA,National Economics,University of Hamburg,1996-01-01,2011-07-29 18:22:48,2011-08-01 22:17:19,124615.0,124615.0,p:103146,c:83652,2011-07-01,,0.0,3.0,Investor,2011-07-29 18:22:48,2011-08-01 22:17:19
p:104777,Dan,Flanegan,"Sunnyvale, CA","Soapbox Mobile, Inc.",,,,,,,126346.0,126346.0,p:104777,c:84748,,,1.0,1.0,Managing Partner,2011-08-09 23:27:45,2013-11-10 04:11:27
p:104937,Miguel,Leighton,Santiago,Raymarket,BA,Ingeniero Comercial,Universidad Diego Portales,2010-01-01,2011-08-10 22:37:48,2011-08-11 18:36:30,126535.0,126535.0,p:104937,c:84853,,2011-08-10,1.0,1.0,Partner,2011-08-10 22:37:48,2011-08-11 18:36:30
p:106345,Chad,Pankewitz,Canada,GoAruna,,,,,,,127825.0,127825.0,p:106345,c:67484,2007-03-01,,0.0,1.0,Investor,2011-08-22 01:17:24,2011-10-24 01:16:35
p:106985,Sam,Cash,London,C & P Capital,,,,,,,128387.0,128387.0,p:106985,c:86011,2011-07-01,,0.0,1.0,Partner,2011-08-25 13:50:21,2011-08-30 14:15:35
p:107347,Richard,Sanders,"Bronx, NY",Study Abroad Europe,,,,,,,128748.0,128748.0,p:107347,c:86265,2007-02-24,,0.0,1.0,Consultant,2011-08-28 14:25:10,2011-08-31 01:04:32
p:107890,Dan,Esposito,Philadelphia,GateSkip.com,BS,Communication,Millersville University,1995-01-01,2011-09-01 01:28:54,2011-09-20 15:28:38,129346.0,129346.0,p:107890,c:88975,2009-01-01,,0.0,1.0,Managing Partner,2011-09-01 01:28:54,2011-09-20 15:28:37
p:109209,Stephen,Bruner,"Macon, GA",CORKCICLE,,,,,,,130623.0,130623.0,p:109209,c:103738,2011-09-11,,0.0,1.0,Partner,2011-09-12 00:07:44,2011-11-11 20:52:45
p:110634,Jonathan,Longnecker,Knoxville,FortySeven Media,,,,,,,132122.0,132122.0,p:110634,c:110127,2005-02-01,,0.0,1.0,Partner,2011-09-22 20:38:55,2011-11-16 21:46:48
p:110929,Sean,Drake,"Allegany, NY",Stony Lonesome Group,BS,Engineering Management,United States Military Academy at West Point,1990-01-01,2011-09-25 20:19:33,2011-11-17 21:20:39,132441.0,132441.0,p:110929,c:48468,2011-06-13,,0.0,2.0,Investor,2011-09-25 20:19:34,2012-01-03 18:27:23
p:110972,Stuart,Cole,UK,Juicy SEO,,,,,,,132487.0,132487.0,p:110972,c:116190,,,0.0,1.0,Consultant,2011-09-26 15:22:50,2011-11-17 22:09:29
p:111998,Mark,Naples,"Bristol, PA",WIT Strategy,BA,Religion,Haverford College,1984-01-01,2011-10-05 03:46:51,2011-11-19 01:25:13,133595.0,133595.0,p:111998,c:131528,2002-10-30,2011-10-04,1.0,1.0,Managing Partner,2011-10-05 03:46:51,2011-11-19 01:25:13
p:112402,Andres,Susi,Tallinn,MTVP,BA,Economics,MGIMO,2004-01-01,2011-10-07 19:01:00,2011-10-27 18:26:07,133999.0,133999.0,p:112402,f:1684,2005-06-10,,0.0,3.0,Partner,2011-10-07 19:01:00,2011-10-28 20:20:31
p:112892,Michael,Looney,,Ontogeny Ventures,,,,,,,134505.0,134505.0,p:112892,c:137427,2011-10-12,,0.0,1.0,General Partner,2011-10-12 14:21:37,2011-10-30 22:35:01
p:113011,mark,skidmore,,Bully Pulpit Interactive,BA,Fine Arts,New York University (NYU),,2011-10-13 07:00:49,2011-10-30 22:57:33,134618.0,134618.0,p:113011,c:137616,,,0.0,1.0,Partner,2011-10-13 07:00:49,2012-06-07 09:44:04
p:113021,Slaven,Marinovic,,HBBLE,,,,,,,134627.0,134627.0,p:113021,c:137636,2011-10-01,,0.0,1.0,Managing Partner,2011-10-13 08:41:56,2011-10-30 03:11:14
p:113058,Diego,Wawrzeniak,Sao Paulo - Brazil,BÃºssola do Investidor,BS,Economics,Getulio Vargas - Sao Paulo School of Economics,2010-01-01,2011-10-13 14:39:01,2012-08-22 07:51:46,134654.0,134654.0,p:113058,c:137712,2011-07-01,2011-10-13,1.0,1.0,Partner,2011-10-13 14:39:01,2011-10-30 22:59:07
p:113260,Obi,Ugochuku,"Ibadan, Nigeria",GCA Capital Partners,BS,Finance,"University of Nigeria, Enugu Campus",1987-01-01,2011-10-15 00:39:29,2011-10-30 03:23:07,134857.0,134857.0,p:113260,c:138061,2008-09-01,,0.0,4.0,Managing Partner,2011-10-15 00:39:29,2011-10-30 03:23:07
p:114090,Tony,Di Benedetto,Toronto,Data Centers Canada,,,York University,1994-01-01,2013-08-05 05:16:31,2013-08-05 05:16:31,135744.0,135744.0,p:114090,c:33948,2009-07-02,,0.0,2.0,Managing Partner,2011-10-22 15:25:21,2011-10-25 04:01:47
p:115790,Eric,Darst,Colorado,Roaring Fork Solutions,MS,Civil Engineering,University of Colorado,1981-01-01,2011-11-08 02:03:28,2011-11-20 04:44:04,137647.0,137647.0,p:115790,c:141241,2010-04-19,,0.0,1.0,Managing Partner,2011-11-08 02:03:30,2011-11-20 04:44:04
p:117175,Sebastian,Lombardo,"New York, NY",High Point Collaboration,MBA,Finance,Columbia University,,2011-11-19 22:57:39,2011-11-20 04:38:32,139226.0,139226.0,p:117175,f:8397,2008-01-01,,0.0,1.0,Partner,2011-11-19 22:57:39,2011-11-20 04:38:32
p:118218,Regis,Charlot,,"Seabird Software, LLC",MS,Electrical Engineering,"University of Angers, France",,2011-11-30 15:12:38,2011-12-02 07:48:16,140302.0,140302.0,p:118218,c:143267,2002-01-01,2009-01-01,1.0,1.0,Partner,2011-11-30 15:12:38,2011-12-02 07:48:17
p:118837,Vaughn,Juares,"Fontana, California",FilmDemic,,,,,,,140962.0,140962.0,p:118837,c:143823,2011-01-01,,0.0,1.0,Managing Partner,2011-12-06 16:48:33,2011-12-12 23:32:14
p:119124,Burak,Ozsuna,Istanbul,Centuropean Group,BS,Foreign Trade,Marmara University - Institute of Social Sciences,2001-01-01,2011-12-08 22:00:00,2011-12-14 00:05:24,141280.0,141280.0,p:119124,c:143841,2011-04-12,,0.0,1.0,Managing Partner,2011-12-08 22:00:00,2011-12-14 00:05:25
p:119594,Joshua,Zipkin,"Philadelphia, PA, USA",Wisdom Inc,BA,International Economics,Pennstate University,2009-01-01,2012-01-16 17:37:54,2012-01-17 00:27:05,144977.0,144977.0,p:119594,c:147025,2009-09-13,2010-10-01,1.0,1.0,Consultant,2012-01-16 17:42:27,2012-01-18 00:10:32
p:119680,Olivier,Rieu,,Opera Capital Partners,BA,Entrepreneurship,Grenoble Graduate School of Business,1997-01-01,2012-01-17 09:01:18,2012-01-18 08:46:25,141870.0,141870.0,p:119680,f:8508,2009-01-01,,0.0,1.0,Partner,2011-12-14 20:09:38,2011-12-19 10:47:13
p:121380,Kostastina,Fotiou,New York,21st Century Property Mgmt and Investment Group,MS,Law,University of London,,2012-03-14 02:09:35,2012-03-17 10:49:34,143665.0,143665.0,p:121380,f:8567,2012-01-04,2012-01-04,1.0,1.0,Investor,2012-01-04 19:45:13,2012-01-05 10:58:26
p:121835,Katina,Dorton,,CoRise,,,,,,,144150.0,144150.0,p:121835,c:146418,2011-10-01,,0.0,1.0,Partner,2012-01-09 19:12:16,2012-01-13 20:17:02
p:121879,Jan,Horsfall,Iowa City,White Summit Strategies,BS,Business Administration,Colorado State University,,2012-01-10 00:53:52,2012-01-13 01:00:04,144196.0,144196.0,p:121879,f:8584,2001-12-01,2003-06-01,1.0,1.0,Managing Partner,2012-01-10 00:53:52,2012-01-13 01:00:04
p:122785,Edward,Swiderski,,Kambio Group,BS,Information Management,Michigan State University,1997-01-01,2012-01-18 04:23:51,2012-01-18 23:29:21,145205.0,145205.0,p:122785,c:146622,2012-01-01,2013-06-01,1.0,1.0,Managing Partner,2012-01-18 04:23:51,2013-10-16 18:06:04
p:123402,Chris,Cardinal,"Clifton, NJ",Synapse Studios,,,,,,,145837.0,145837.0,p:123402,c:147630,2003-12-19,,0.0,1.0,Managing Partner,2012-01-24 06:41:38,2012-01-24 20:34:10
p:124357,Nick,Daley,,Wasabi Ventures,,,,,,,146972.0,146972.0,p:124357,f:13920,,,0.0,1.0,Venture Partner,2012-02-02 02:40:35,2012-02-02 02:40:35
p:128001,Yalcin,Pembecioglu,,Bigumigu,BA,Economics,Bilkent University,2002-01-01,2013-08-05 06:25:27,2013-08-05 06:25:27,150987.0,150987.0,p:128001,c:151329,2005-12-01,,0.0,2.0,Managing Partner,2012-03-05 23:43:42,2013-08-05 06:27:21
p:128057,KhengWah,Koh,,Hearty SPIN,,,,,,,151054.0,151054.0,p:128057,c:151368,2012-01-01,,0.0,1.0,Managing Partner,2012-03-06 09:36:36,2012-03-14 20:35:29
p:128416,Hrish,Lotlikar,,StartupVille,,,,,,,151438.0,151438.0,p:128416,f:8805,,,0.0,4.0,Managing Partner,2012-03-10 23:07:19,2013-05-03 05:14:39
p:129377,Mads-Emil,Gellert Larsen,,Doubtler,,,,,,,152204.0,152204.0,p:129377,c:152110,2012-02-01,2012-06-01,1.0,1.0,Partner,2012-03-15 22:03:39,2013-07-11 02:45:47
p:130976,RAMI,ELKHATIB,,Acero Capital,,,,,,,152845.0,152845.0,p:130976,f:8345,,,0.0,3.0,General Partner,2012-03-21 11:15:42,2012-03-21 11:15:42
p:131498,Terry,Howerton,,TechNexus,,,,,,,153459.0,153459.0,p:131498,c:152987,2007-01-01,,0.0,1.0,Managing Partner,2012-03-26 04:26:25,2012-03-27 23:09:59
p:132840,Constant,Meiring,,aisle B,,,,,,,154826.0,154826.0,p:132840,c:153908,,,0.0,1.0,Partner,2012-04-04 16:28:42,2012-04-11 20:19:11
p:134101,Gleb,Davidyuk,,iTech Capital,,,The University of Chicago Booth School of Business,2010-01-01,2013-05-20 14:30:49,2013-05-20 14:30:49,156236.0,156236.0,p:134101,f:8371,2010-08-01,2013-04-10,1.0,3.0,Managing Partner,2012-04-14 09:59:04,2013-04-10 21:25:30
p:137204,Barry,Bingham,Atlanta,Undiscovered Managers,BS,Economics,University of Georgia,1990-01-01,2012-05-03 18:49:26,2012-05-10 02:34:58,158707.0,158707.0,p:137204,f:9096,1998-06-01,2001-08-15,1.0,2.0,Partner,2012-05-03 18:49:26,2012-05-10 02:34:58
p:137366,Ted,Ulan,"Ridgewood, NJ",First Kansas Financial,BA,History,Bloomfield College,2000-01-01,2012-05-04 20:40:09,2012-05-10 02:47:10,158892.0,158892.0,p:137366,c:157306,2007-05-01,,0.0,1.0,Consultant,2012-05-04 20:40:09,2012-05-10 02:47:10
p:139223,Matt,Holleran,,Emergence Capital Partners,MBA,,Harvard University,,2013-03-28 04:51:56,2013-03-28 04:52:00,160288.0,160288.0,p:139223,f:174,,2013-06-01,1.0,1.0,Venture Partner,2012-05-15 20:50:15,2013-07-24 02:44:34
p:141955,Olju,Man,,Punchlime,,,,,,,162268.0,162268.0,p:141955,c:159951,2012-04-12,,0.0,1.0,General Partner,2012-05-30 10:01:39,2013-08-23 16:37:26
p:142658,Steve,Brazell,,Complex 39,,,,,,,163036.0,163036.0,p:142658,c:160550,2009-03-01,,0.0,1.0,Partner,2012-06-05 22:32:42,2012-06-09 17:25:57
p:143241,Joseph,Taylor,,Penrod Software,BA,Statistics,Purdue University,2005-01-01,2012-06-13 17:13:52,2012-06-17 05:08:18,163675.0,163675.0,p:143241,c:160963,2010-12-15,,0.0,1.0,Managing Partner,2012-06-10 19:02:11,2012-06-11 18:08:15
p:143857,Zachary,Smulski,,Zale Transitions,MBA,Business,University of Washington,2003-01-01,2012-06-19 22:36:33,2012-06-21 09:08:11,164399.0,164399.0,p:143857,c:161507,2011-04-01,,0.0,2.0,Partner,2012-06-15 00:39:50,2013-04-15 03:21:04
p:144517,Carlos,Fertonani,Brazil,MuccaShop,,,,,,,165097.0,165097.0,p:144517,c:162030,2010-07-04,2012-06-20,1.0,1.0,Partner,2012-06-20 12:58:48,2012-06-22 17:35:04
p:144549,Johnny,Clarke,,Maximum Balance Foundation,,,,,,,165141.0,165141.0,p:144549,c:162067,2005-01-01,2012-06-20,1.0,1.0,Managing Partner,2012-06-20 18:22:41,2012-06-22 17:38:32
p:144998,Sven,Jensen,"Cape Town, South Africa",Blum Capital Partners,BS,,Cornell University,2002-01-01,2012-06-24 22:53:18,2012-06-25 03:59:46,165698.0,165698.0,p:144998,f:1090,2007-01-06,2009-03-31,1.0,5.0,Investor,2012-06-24 22:53:18,2012-06-25 03:59:46
p:145574,Muhtari,Adanan,,Xecced,BA,,University of London,,2012-06-29 11:45:29,2012-06-29 16:03:57,166368.0,166368.0,p:145574,c:162935,,,0.0,1.0,Managing Partner,2012-06-28 12:24:11,2012-06-28 18:09:09
p:145872,Jay,Mulein,LOS ANGELES,HIDDEN VALUES LLC,MS,Law,La Verne Law School,1992-01-01,2012-07-02 06:40:15,2012-07-02 16:43:30,166692.0,166692.0,p:145872,c:163174,,,0.0,1.0,Managing Partner,2012-07-02 06:40:15,2012-07-02 16:43:30
p:145991,Jon,Whitehead,,Radius Restaurant,,,,,,,166832.0,166832.0,p:145991,c:163294,2012-03-12,,0.0,2.0,Managing Partner,2012-07-03 05:48:22,2012-07-03 17:06:39
p:146289,Mike,Winn,,DroneDeploy,,,,,,,167117.0,167117.0,p:146289,c:163518,2012-04-07,,1.0,1.0,Investor,2012-07-04 21:21:38,2013-05-17 13:38:34
p:147562,Oriol,Penya Sanromà,Barcelona,Capgemini Consulting,,Superior Enginyeria Multimedia,Ramon Llull University,2002-01-01,2013-04-18 05:17:12,2013-04-18 05:17:12,168553.0,168553.0,p:147562,c:143045,,,1.0,1.0,Consultant,2012-07-12 13:45:29,2012-07-12 20:35:34
p:148680,Kwadwo,Adu,,Bloggers Delight ApS,,,,,,,169759.0,169759.0,p:148680,f:8002,2010-10-09,,0.0,2.0,Investor,2012-07-19 00:43:02,2012-07-19 09:30:42
p:148886,Manish,Bhatia,New Delhi,Print Pedia,BS,"Economics, Public Admtn",Punjab University,1988-01-01,2012-07-20 08:59:04,2012-07-23 06:32:38,169991.0,169991.0,p:148886,c:165432,2011-11-19,2012-07-20,1.0,1.0,Partner,2012-07-20 08:59:04,2012-07-23 06:32:38
p:149991,Tim,Koelzer,"Grand Rapids, MI",EquiBrand Consulting,MBA,Finance and Marketing,"Northwestern University, Kellogg School of Management",1990-01-01,2013-04-18 12:55:09,2013-04-18 12:55:09,211365.0,211365.0,p:149991,c:166378,2001-01-01,,0.0,3.0,Managing Partner,2013-04-18 12:52:13,2013-04-18 12:52:13
p:151355,Greg,Toutoundjian,,Catenary Partners,,,,,,,337175.0,337175.0,p:151355,c:216217,,,0.0,1.0,Partner,2013-08-04 21:40:59,2013-08-05 04:18:58
p:153198,Ak?n,Sar?özkan,,Enpina,,,,,,,174801.0,174801.0,p:153198,c:169279,2006-01-01,,0.0,1.0,Managing Partner,2012-08-24 19:14:26,2012-09-03 23:45:33
p:153913,Justin,Anthony,United States,Artwork Archive,,,,,,,175656.0,175656.0,p:153913,c:169897,2012-06-01,,0.0,4.0,Investor,2012-08-30 16:20:21,2012-09-04 14:57:57
p:155050,Allan,Hansen,Danmark,Awork,,,,,,,177055.0,177055.0,p:155050,c:171008,2012-04-02,,0.0,2.0,Partner,2012-09-10 17:07:49,2012-09-17 22:58:15
p:156154,James,Fitzgerald,,Valar Ventures,JD,Law,"University of California, Los Angeles (UCLA), School of Law",2001-01-01,2012-09-19 19:13:32,2012-09-24 21:47:13,178995.0,178995.0,p:156154,f:9511,2010-10-01,,0.0,4.0,Partner,2012-09-25 13:46:27,2013-12-02 08:21:42
p:158089,Toby,Danylchuk,,39 Celsius Web Marketing Consulting,BA,Chemistry/Biochemistry,UCSD,,2012-10-08 13:40:03,2012-10-20 03:52:57,181928.0,181928.0,p:158089,c:175038,2008-10-01,,0.0,1.0,Partner,2012-10-20 04:06:33,2012-10-25 06:21:36
p:158140,Ivo,Labar,,Kerr & Wagstaffe LLP,,,,,,,212350.0,212350.0,p:158140,c:198424,2001-09-01,,0.0,3.0,Partner,2013-04-19 11:03:18,2013-04-19 11:03:18
p:159448,Alexey,Maklakov,??????,VenturezLab,,,,,,,181860.0,181860.0,p:159448,c:173899,2011-09-01,,0.0,1.0,Managing Partner,2012-10-19 15:23:31,2012-10-26 03:14:54
p:159753,Dave,Swerdlick,,iThink Group  / StoryCub,,,,,,,183597.0,183597.0,p:159753,c:176414,2013-01-01,,0.0,1.0,Managing Partner,2012-11-02 14:38:30,2013-10-16 00:29:36
p:161192,cody,soto,Newport Beach,Plaedio,,,,,,,183757.0,183757.0,p:161192,c:176518,,,0.0,1.0,Investor,2012-11-04 00:13:38,2012-11-08 07:43:02
p:162230,Zac,Townsend,,Deciens Capital,BA,"Applied Math, Economics, Public Policy",Brown University,2009-01-01,2012-11-14 14:20:59,2012-11-19 07:28:11,184791.0,184791.0,p:162230,f:10081,2012-07-15,,0.0,2.0,General Partner,2012-11-13 18:45:11,2012-11-14 06:49:53
p:164987,Raj,Chudasama,New York City,Kriya Hotels,MS,Business Administration,University of Oklahoma,1999-01-01,2012-12-06 17:14:42,2012-12-13 06:17:47,187688.0,187688.0,p:164987,c:179767,2004-03-01,,0.0,1.0,Managing Partner,2012-12-06 17:14:42,2012-12-13 06:17:47
p:165361,John,McLean,New York,I'm VC,,,,,,,188076.0,188076.0,p:165361,f:10204,,,0.0,1.0,Partner,2012-12-10 19:31:09,2012-12-13 05:56:44
p:165690,Hakan,KIRKAN,Bitlis,Dominor LLC,,,,,,,188432.0,188432.0,p:165690,c:181130,2000-01-01,2012-12-12,1.0,1.0,Managing Partner,2012-12-13 00:31:38,2012-12-16 08:09:19
p:166461,Alex,Guibord,"Ottawa, Ontario, Canada",Pilot PMR,MS,,University of Sydney,2012-01-01,2012-12-19 17:10:16,2013-09-30 23:21:50,408374.0,408374.0,p:166461,c:246390,2013-10-01,,0.0,1.0,Consultant,2013-09-24 05:36:54,2013-09-24 10:25:15
p:167067,Søren,Louv-Jansen,Copenhagen,Købstaden,BS,Global Business Informatics,IT University,2013-01-01,2013-01-15 23:43:08,2013-01-16 19:53:44,189778.0,189778.0,p:167067,c:182295,,,0.0,1.0,Partner & Developer,2012-12-27 02:37:29,2012-12-28 16:39:27
p:167106,Tony,Pietrocola,United States,"iOTOS, Inc",,,,,,,189822.0,189822.0,p:167106,c:182334,2012-12-01,,0.0,1.0,Partner,2012-12-27 13:23:40,2012-12-30 06:38:28
p:167122,Joaquin,Altenberg,,VERT Investment Group,,,,,,,189837.0,189837.0,p:167122,f:10279,2008-11-01,,0.0,1.0,Managing Partner,2012-12-27 18:09:43,2013-04-19 02:04:24
p:167185,Jochen,Schweizer,Heidelberg,MiBaby,,,,,,,207675.0,207675.0,p:167185,c:196273,,,0.0,1.0,Investor,2013-04-13 20:53:01,2013-04-13 20:53:04
p:168589,Jorg,Roth,Bergisch Gladbach,VdR Investments LLP,,,,,,,191208.0,191208.0,p:168589,c:183532,2011-01-01,,0.0,2.0,Partner,2013-01-10 10:48:07,2013-01-15 05:43:57
p:169021,Peter,Hill,Eastbourne,Dominic Hill,,,,,,,191673.0,191673.0,p:169021,c:183914,,,0.0,1.0,Partner,2013-01-14 15:16:03,2013-01-18 16:07:54
p:169388,Larry,Cohen,,bgC3,,,,,,,192064.0,192064.0,p:169388,c:12679,2008-09-01,,0.0,4.0,Managing Partner,2013-01-16 22:28:14,2013-06-05 22:13:16
p:170482,Justin,Casale-Savage,,Sprokk,MBA,Finance,"University of California, Los Angeles (UCLA)",2011-01-01,2013-01-24 21:25:39,2013-01-25 05:43:56,193210.0,193210.0,p:170482,c:185079,2011-11-15,,0.0,2.0,Partner,2013-01-24 21:25:39,2013-01-25 05:43:58
p:170827,Haytham,Nasr,Beirut,Mygroup,BA,marketting,American University of Beirut,2003-01-01,2013-04-19 13:24:17,2013-04-19 13:24:17,193588.0,193588.0,p:170827,c:185384,2009-03-01,2013-01-28,1.0,3.0,Managing Partner,2013-01-28 12:02:11,2013-02-02 22:20:31
p:171306,Alireza,Masrour,,TrustGo,MBA,,Royal Roads University- Sharif University,2007-01-01,2013-09-10 04:42:15,2013-09-10 04:42:15,194125.0,194125.0,p:171306,c:78867,2008-08-01,,0.0,4.0,Managing Partner,2013-01-30 19:02:04,2013-09-10 04:43:04
p:171626,Isaac,Stern,NY,Yellowstone Capital LLC,,,,,,,194865.0,194865.0,p:171626,c:186268,,,0.0,1.0,Managing Partner,2013-02-04 14:32:33,2013-02-07 16:59:15
p:172120,Richard,Taylor,Melbourne,Night Zookeeper,BA,,Post Grad Diploma in Public relations (Distinction) 2003.,2003-01-01,2013-08-07 06:28:48,2013-08-07 06:28:48,195094.0,195094.0,p:172120,c:157578,2012-02-05,,1.0,5.0,Investor,2013-02-05 16:32:57,2013-04-30 11:36:08
p:175001,Sambhav,Karnawat,Jaipur,Suranas Jewelove,BS,Mechanical Engineering,Indian Institute of Technology Kanpur,2012-01-01,2013-02-23 11:46:38,2013-02-24 08:45:55,198476.0,198476.0,p:175001,c:188911,2012-10-24,,0.0,1.0,Partner,2013-02-23 11:46:38,2013-02-24 08:45:55
p:175215,Adrian,Lloyd,,Episode 1,MS,Chinese Studies,Oxford University,2003-01-01,2013-11-07 15:06:02,2013-11-08 00:20:38,198690.0,198690.0,p:175215,f:10627,2013-01-01,,0.0,1.0,Partner,2013-02-25 09:48:55,2013-03-05 00:27:14
p:175678,Patrick,Walsh,"Portland, OR",Swrve New Media,BS,Computer Science and Electrical Engineering,Oregon State University,1982-01-01,2013-02-27 04:17:34,2013-03-01 01:19:24,199181.0,199181.0,p:175678,c:189472,,,0.0,92530.0,Investor,2013-02-27 04:17:34,2013-03-01 01:19:22
p:177387,Guillermo,DeLeon,,Geeklist,BS,Finance,DePaul,1996-01-01,2013-03-10 06:08:47,2013-03-10 06:08:50,201032.0,201032.0,p:177387,c:78847,2013-02-01,,0.0,2.0,Investor,2013-03-10 06:08:47,2013-03-12 03:08:11
p:177982,Andrew,Smith,Massachusetts,HCC Marketing,BS,Business Marketing,Saint Joseph's College,2005-01-01,2013-03-13 19:14:14,2013-03-13 19:14:17,201684.0,201684.0,p:177982,c:191402,2005-06-01,,0.0,1.0,Partner,2013-03-13 19:14:14,2013-03-13 19:14:17
p:178010,William,McQuillan,,Frontline Ventures,,,"Trinity College, Dublin",2008-01-01,2013-08-07 09:10:04,2013-08-07 09:10:04,201954.0,201954.0,p:178010,f:10740,,,0.0,3.0,Partner,2013-03-14 23:17:17,2013-03-14 23:17:17
p:178395,Jean Marc,Zimmerman,NJ,Zimmerman & Weiser LLP,BS,Electrical Engineering,University of Delaware,1984-01-01,2013-03-17 14:04:26,2013-03-17 14:04:30,202221.0,202221.0,p:178395,c:191803,,,0.0,1.0,Partner,2013-03-17 14:04:26,2013-03-17 14:04:30
p:179863,Matt,Mazzeo,Toronto,Lowercase Capital,BA,Psychology,Harvard University,2005-01-01,2013-04-16 18:16:14,2013-04-16 18:19:14,203837.0,203837.0,p:179863,f:1569,2013-01-01,,0.0,2.0,Partner,2013-03-26 21:19:05,2013-03-26 21:19:09
p:180114,Ratko,Mutavdzic,Croatia,REMIXER.ME,,,,,,,204159.0,204159.0,p:180114,c:193405,2013-03-01,,0.0,1.0,Managing Partner,2013-03-28 22:56:37,2013-03-28 22:56:39
p:181755,Darius,Hatami,New York,Fascet,,,,,,,206021.0,206021.0,p:181755,c:195477,2002-01-01,,0.0,1.0,Managing Partner,2013-04-09 16:32:56,2013-04-09 16:33:03
p:182124,Luiz,Pagnez,,Recrutando.com,BS,Physics,Unicamp,1995-01-01,2013-04-11 22:57:19,2013-04-11 22:57:20,206629.0,206629.0,p:182124,c:195821,2012-08-01,,0.0,4.0,Managing Partner,2013-04-11 14:30:13,2013-04-11 14:30:23
p:183043,Michael,Rubin,,Sands Capital Ventures,Doctor of Medicine,,University of Chicago,,2013-12-09 05:58:46,2013-12-09 05:58:46,209395.0,209395.0,p:183043,f:10940,,,0.0,1.0,Managing Partner,2013-04-16 23:23:54,2013-12-09 06:10:02
p:183302,Terrance,Mullin,"Chicago, Illinois","Terrance J. Mullin, P.A.",MS,Law,"University of Texas, School of Law",1973-01-01,2013-04-17 17:25:53,2013-04-19 05:19:25,210441.0,210441.0,p:183302,c:197537,2002-01-01,,0.0,1.0,Partner,2013-04-17 17:25:53,2013-04-19 05:19:26
p:184374,Lisa,Barrett,USA,TNTP,,,,,,,214754.0,214754.0,p:184374,c:199651,2004-11-01,2011-02-01,1.0,1.0,Partner,2013-04-22 22:41:12,2013-04-23 00:03:22
p:185429,Arnold,Schlesinger,"Beverly Hills, CA",AVG Partners,,,,,,,218727.0,218727.0,p:185429,f:8433,,,0.0,1.0,General Partner,2013-04-26 19:48:46,2013-04-28 05:50:21
p:187086,Hanson,Li,Hong Kong,Zebo,MBA,,Stanford University,2004-01-01,2013-05-02 17:54:16,2013-05-02 22:19:02,224838.0,224838.0,p:187086,c:204797,2001-01-01,,0.0,1.0,Managing Partner,2013-05-02 17:54:16,2013-05-02 22:19:02
p:187722,Nacho,Vilela,Madrid,StartCaps Ventures,,,,,,,227490.0,227490.0,p:187722,f:11171,2011-09-01,,0.0,1.0,Managing Partner,2013-05-05 20:05:36,2013-05-10 14:29:47
p:188037,Jordan,Pack,,Sunder Capital,,Business,The Ohio Sate University,,2013-08-14 00:59:49,2013-08-14 09:49:42,228584.0,228584.0,p:188037,f:11185,,,0.0,2.0,Managing Partner,2013-05-06 21:57:58,2013-07-11 23:19:53
p:188760,Josh,Squires,Texas,MoWerks LLC,BA,History,Texas Lutheran University,2001-01-01,2013-05-09 12:10:33,2013-05-11 20:23:15,231626.0,231626.0,p:188760,c:208192,2009-11-01,,0.0,1.0,Partner,2013-05-09 12:10:33,2013-05-11 20:23:15
p:189513,Georgi,Malchev,,social ninja,,,American University in Bulgaria,2004-01-01,2013-05-13 12:14:42,2013-05-13 12:14:42,235727.0,235727.0,p:189513,c:209828,,,0.0,3.0,Partner,2013-05-13 12:12:11,2013-05-13 12:12:11
p:189574,Savvas,Constantinides,UK,Hi Mum! Said Dad,MS,Digital Signal Processing,Kings College London,2003-01-01,2013-05-13 17:37:46,2013-05-15 12:44:02,235978.0,235978.0,p:189574,c:181066,,,0.0,1.0,Managing Partner,2013-05-13 17:37:46,2013-05-15 12:44:02
p:190546,Steven,Sweat,,"Glotzer & Sweat, LLP",BS,Social Sciences,Florida State University,1992-01-01,2013-05-17 00:53:13,2013-05-17 14:11:38,239395.0,239395.0,p:190546,c:211394,2007-01-01,,1.0,1.0,Partner,2013-05-17 00:53:13,2013-05-24 17:19:42
p:192326,Michael,Barnea,,Barnea & Co.,,Law,Tel Aviv University,,2013-05-23 11:25:14,2013-05-24 06:00:42,247686.0,247686.0,p:192326,c:214788,,,0.0,1.0,Managing Partner,2013-05-23 11:25:14,2013-05-24 06:00:42
p:194353,Steve,Spalding,New York,Crossing Gaps LLC,MS,Electrical Engineering,University of Florida,2008-01-01,2013-05-29 19:32:54,2013-05-29 21:40:41,256408.0,256408.0,p:194353,c:218246,2008-03-13,2013-05-29,1.0,1.0,Managing Partner,2013-05-29 19:32:55,2013-05-29 21:40:41
p:195434,Nichlous,Vade,California,Tutorchrome.com,,,,,,,261719.0,261719.0,p:195434,c:220582,2008-01-01,2013-06-03,1.0,1.0,Consultant,2013-06-03 13:03:01,2013-06-03 14:15:52
p:196525,Fabian,Heilemann,Bad Pyrmont,DailyDeal GmbH,,,,,,,265922.0,265922.0,p:196525,f:9095,2009-01-01,,0.0,1.0,Partner,2013-06-06 12:55:37,2013-06-06 17:35:25
p:196665,Eric,Kagan,Massachusetts,Sierra Maya Ventures,BS,"Accounting, Finance",University of Massachusetts - School of Management,1992-01-01,2013-06-07 01:42:51,2013-06-07 17:07:06,266432.0,266432.0,p:196665,c:222489,2013-04-01,,0.0,1.0,Managing Partner,2013-06-06 22:46:02,2013-06-06 23:59:38
p:197731,Andre Linh,Raoul,France,Pole Capital,BS,"Bank, Finance and Insurance",University of Paris Dauphine,2005-01-01,2013-06-11 11:04:10,2013-06-11 18:07:29,270640.0,270640.0,p:197731,f:11779,2008-08-01,2013-06-11,1.0,1.0,Managing Partner,2013-06-11 11:04:10,2013-06-11 18:07:29
p:200513,Radu,Daniel,,Golf Media SRL,,,,,,,290842.0,290842.0,p:200513,c:232468,2007-04-01,,0.0,1.0,Managing Partner,2013-06-27 15:05:05,2013-06-27 20:05:06
p:202004,Mbwana,Alliy,"Dar es Salaam, Tanzania",Savannah Fund,BS,Engineering,Bristol University,,2013-06-24 17:44:11,2013-06-24 17:44:11,286528.0,286528.0,p:202004,f:11756,,,0.0,1.0,Managing Partner,2013-06-24 17:41:28,2013-06-24 17:41:28
p:204032,Steve,Brumer,,151 Advisors,MS,,City University of New York,,2013-07-01 20:32:25,2013-07-02 21:58:23,295446.0,295446.0,p:204032,c:233079,,,0.0,1.0,Partner,2013-07-01 20:32:25,2013-07-02 21:58:24
p:205133,Bruce,Provda,New York,Provda Law Firm,JD,Law,Hofstra University School of Law,1973-01-01,2013-07-04 17:23:12,2013-07-08 23:10:59,299085.0,299085.0,p:205133,c:234877,1974-04-03,2013-07-04,1.0,2.0,Partner,2013-07-04 17:23:12,2013-07-08 23:10:59
p:210742,Matthew,Bartus,,Cooley LLP,,,,,,,319012.0,319012.0,p:210742,c:57130,,,0.0,1.0,Partner,2013-07-21 17:10:29,2013-07-22 23:12:09
p:210774,YY,Lai,,NTU Venture,,Executive Management Programme,Tsinghua University,2012-01-01,2013-07-21 22:35:04,2013-07-21 22:35:04,319117.0,319117.0,p:210774,f:3414,,,0.0,1.0,Partner,2013-07-21 22:31:32,2013-07-21 22:31:32
p:210776,Kay-Mok,Ku,,Gobi Partners,MBA,,San Jose University,,2013-07-21 22:39:23,2013-07-21 22:39:23,319118.0,319118.0,p:210776,f:4448,2010-01-01,,0.0,1.0,Partner,2013-07-21 22:39:23,2013-07-21 22:39:34
p:210789,Jael,Rawet,,JRHX,,Chemical Engineering,Universidade Presbiteriana Mackenzie,1976-01-01,2013-07-22 00:50:30,2013-07-22 23:14:36,319129.0,319129.0,p:210789,c:239866,2007-01-01,,0.0,1.0,Managing Partner,2013-07-22 00:50:30,2013-07-22 23:14:36
p:211627,Maxwell,Gover,"East Lansing, MI",Siimphony,BA,,Michigan State University,2013-01-01,2013-07-23 22:58:31,2013-07-23 23:13:37,322007.0,322007.0,p:211627,c:240634,2012-03-05,2013-07-23,1.0,1.0,Partner,2013-07-23 22:58:32,2013-07-23 23:13:38
p:212372,Rodrigo,Sanchez Servitje,,b37 Ventures,,,,,,,324837.0,324837.0,p:212372,f:12770,,,0.0,1.0,Managing Partner,2013-07-25 15:39:05,2013-07-26 14:48:23
p:213076,Dino,Paravandis,,Cambo Industries,,,,,,,327551.0,327551.0,p:213076,c:242121,,,0.0,1.0,Partner,2013-07-27 22:53:57,2013-07-30 21:22:56
p:214730,Andrey,Kozlov,,CLS Capital,,,,,,,333874.0,333874.0,p:214730,f:9111,,,0.0,1.0,Partner,2013-08-01 15:13:43,2013-08-02 13:00:23
p:214824,Bryan,Buchert,San Francisco,Electric State of Mind,BA,Sociology,"University of California, Berkeley",2012-01-01,2013-08-01 23:40:12,2013-08-02 00:48:02,334050.0,334050.0,p:214824,c:244048,2012-01-01,,0.0,1.0,Partner,2013-08-01 23:40:13,2013-08-02 00:48:02
p:215722,Paul,Danziger,South Africa,Danziger & De Llano,,,,,,,338522.0,338522.0,p:215722,c:245044,,,0.0,1.0,Partner,2013-08-05 14:44:59,2013-08-05 22:57:33
p:216204,Will,Wynperle,,Shamrock Capital Advisors,BA,Government & Economics,Dartmouth College,,2013-08-06 22:51:48,2013-08-07 02:46:30,340326.0,340326.0,p:216204,f:7696,1998-01-01,,0.0,6.0,Partner,2013-08-06 22:51:48,2013-08-06 23:18:28
p:217025,Kjetil,Clementsen,Stavanger,Snowmakers VC,BS,Management and administration,University of Stavanger (UiS),2006-01-01,2013-08-08 20:51:10,2013-08-12 09:41:33,343141.0,343141.0,p:217025,c:246149,2012-01-01,2013-08-08,1.0,1.0,Managing Partner,2013-08-08 20:51:11,2013-08-09 22:37:08
p:217390,Janica,Lane,,Partnership Capital Growth,MBA,,Stanford Graduate School of Business,,2013-08-21 21:50:32,2013-08-21 21:50:32,344021.0,344021.0,p:217390,f:6321,,,0.0,1.0,Partner,2013-08-09 18:25:25,2013-08-09 18:25:25
p:221054,Zack,Fasel,,Urbane Security,,,,,,,352010.0,352010.0,p:221054,c:255088,2012-09-01,,0.0,1.0,Managing Partner,2013-08-15 21:29:35,2013-10-01 23:05:44
p:224496,Lany,Soesanto,,New York Life Insurance Co,BA,Accounting,City University of New York,1997-01-01,2013-08-24 04:20:55,2013-08-24 04:20:55,364236.0,364236.0,p:224496,c:247749,,,0.0,2.0,Consultant,2013-08-24 04:20:55,2013-08-24 04:20:55
p:225191,David C.,Kiernan,"Red Bank, New Jersey, USA",Williams & Connolly LLP,MS,,Duke University School of Medicine,1985-01-01,2013-08-26 07:13:30,2013-11-30 12:26:37,367807.0,367807.0,p:225191,f:11745,,,0.0,1.0,Partner,2013-08-26 07:13:30,2013-08-26 07:13:30
p:225593,Ryan,Turner,,Beceem Communications,MBA,Business,Harvard University,1998-01-01,2013-08-27 05:16:45,2013-08-27 05:16:45,369349.0,369349.0,p:225593,c:26556,,,0.0,2.0,Investor,2013-08-27 05:16:45,2013-08-27 05:16:45
p:226842,Øyvind,Gran,Oslo,Vippy,,,,,,,373285.0,373285.0,p:226842,c:259149,2011-01-01,,0.0,1.0,Partner,2013-08-29 15:37:04,2013-08-29 15:46:45
p:228325,Khuram,Hussain,,"JP Morgan Co., Inc.",MBA,,"University of California, Berkeley - Walter A. Haas School of Bu",2010-01-01,2013-09-02 08:20:43,2013-09-02 08:20:43,378389.0,378389.0,p:228325,c:205042,2010-06-01,2010-08-01,1.0,1.0,Consultant,2013-09-02 08:20:43,2013-09-02 08:20:43
p:228545,Huw,Aveston,london,Traffic Optimiser,BS,Human Sciences,University College London,2005-01-01,2013-09-02 15:52:23,2013-09-03 23:34:06,379247.0,379247.0,p:228545,c:260760,2013-01-01,,0.0,1.0,Managing Partner,2013-09-02 15:52:23,2013-09-03 23:34:06
p:228726,Richard,See,,Plumtree Software,BA,English,Trinity College,1982-01-01,2013-09-03 05:58:59,2013-09-03 05:58:59,379827.0,379827.0,p:228726,c:3766,,,0.0,1.0,Investor,2013-09-03 05:58:59,2013-09-03 05:58:59
p:229136,Nicole,Sanchez,,Kapor Center for Social Impact,MBA,,UC Berkeley Haas School of Business,,2013-09-03 20:50:38,2013-09-03 23:40:08,381093.0,381093.0,p:229136,c:261192,2010-10-01,2013-09-03,1.0,1.0,Managing Partner,2013-09-03 20:50:38,2013-09-06 13:20:26
p:231654,Sean,Wilkes,Hong Kong,Scede Staffing,,,,,,,389757.0,389757.0,p:231654,c:262898,2013-07-01,,0.0,1.0,Consultant,2013-09-09 11:11:56,2013-09-09 20:58:07
p:232164,Jessica,P. Einhorn,,Clark & Weinstock,MS,,Princeton University,,2013-09-10 10:55:25,2013-09-10 10:55:25,391510.0,391510.0,p:232164,c:263227,2000-01-01,2002-01-01,1.0,1.0,Consultant,2013-09-10 10:53:49,2013-09-10 10:53:49
p:232579,Rob,Hale,,source23,,,,,,,392736.0,392736.0,p:232579,c:263490,2001-03-04,2013-09-11,1.0,1.0,Partner,2013-09-11 07:24:20,2013-09-11 18:51:13
p:233112,Erskine,B. Bowles,,Forstmann Little & Co.,MS,,Virginia Episcopal School,,2013-09-12 07:27:59,2013-09-12 07:27:59,394358.0,394358.0,p:233112,c:263786,1999-03-01,2001-09-01,1.0,1.0,General Partner,2013-09-12 07:28:00,2013-09-12 07:28:00
p:233925,Sankaran,Sivaramakrishnan,Chennai,KBS Consultants,BS,"Accountancy, Taxation, Auditing, Finance, Commercial Law",Institute of Chartered Accountants of India,1982-01-01,2013-09-21 06:32:36,2013-09-21 19:34:24,397064.0,397064.0,p:233925,c:264267,1993-09-22,2013-09-13,1.0,1.0,Consultant,2013-09-13 14:22:36,2013-09-21 19:35:05
p:234877,Luke,Wang,,Mitchell Madison Group,PhD,,California Institute of Technology,1997-01-01,2013-09-17 06:27:19,2013-09-17 06:27:19,400680.0,400680.0,p:234877,c:79772,1997-10-01,2000-05-01,1.0,1.0,Consultant,2013-09-17 06:27:19,2013-09-17 06:27:19
p:235217,Benny,Peretz,,Greenoaks Capital Management,,,,,,,401659.0,401659.0,p:235217,f:9378,,,0.0,1.0,Partner,2013-09-17 20:14:26,2013-09-18 11:42:23
p:235230,Alex,Mason,,Brain Rack Industries Ltd.,MBA,International Business,Hult International Business School,2011-01-01,2013-09-18 10:11:28,2013-09-18 10:11:28,401690.0,401690.0,p:235230,c:265232,2013-03-01,,0.0,2.0,Managing Partner,2013-09-17 21:06:45,2013-09-17 21:21:21
p:235334,Niall,Olden,,Straatum Processware,BA,,University College Cork,1989-01-01,2013-09-18 06:03:52,2013-09-18 06:03:52,402018.0,402018.0,p:235334,c:60342,,,0.0,1.0,Investor,2013-09-18 06:03:52,2013-09-18 06:03:52
p:236130,Andre,Bliznyuk,,Runa Capital,,,,,,,404389.0,404389.0,p:236130,c:256252,2011-01-09,,0.0,1.0,Partner,2013-09-19 14:47:00,2013-09-20 16:09:07
p:236306,Tom S.,Anthofer,,Broadview International,MBA,,Duke Universitys Fuqua School,,2013-09-20 05:22:24,2013-09-20 05:22:24,404920.0,404920.0,p:236306,c:195724,1992-01-01,2003-01-01,1.0,1.0,Partner,2013-09-20 05:22:24,2013-09-20 05:22:24
p:237981,Andrey,Dulub,,SpinUp Venture,MS,Applied Mathematics and Physics,Moscow Institute of Physics and Technology,1990-01-01,2013-09-25 16:32:10,2013-09-25 18:30:36,409485.0,409485.0,p:237981,c:236185,2011-01-01,,0.0,1.0,Partner,2013-09-25 16:32:10,2013-09-25 18:30:36
p:240383,Cyprian,Gwó?d?,Poznan,Tony Blade,,,,,,,415877.0,415877.0,p:240383,c:268760,2013-09-19,,0.0,1.0,Consultant,2013-10-01 18:56:23,2013-10-02 22:02:56
p:241982,Peter,Benjamin,USA,YoungStartup.com,BS,M.I.S,SUNY At Old Westbury,1990-01-01,2013-10-05 14:50:29,2013-10-12 19:54:55,419636.0,419636.0,p:241982,c:269752,2000-09-01,2012-10-05,1.0,5.0,Consultant,2013-10-05 14:50:29,2013-10-07 23:08:56
p:242502,Peter,Dailey,,Richmond Park Partners,BA,International Relations,Stanford University,1980-01-01,2013-11-14 16:24:35,2013-11-15 01:12:56,421348.0,421348.0,p:242502,f:8939,2009-01-01,,0.0,1.0,Partner,2013-10-07 15:47:03,2013-10-07 17:28:35
p:245350,Marc,Bell,,Marc Bell Capital Partners,BS,,Babson College,1989-01-01,2013-10-16 17:25:33,2013-10-16 18:11:01,427601.0,427601.0,p:245350,f:14136,2002-04-01,,0.0,1.0,General Partner,2013-10-15 02:43:21,2013-10-16 18:10:24
p:246393,Keith,Haan,,ProQuest Investments,BA,Biochemistry,Northwestern University,,2013-10-17 08:26:14,2013-10-17 08:26:14,429935.0,429935.0,p:246393,f:2217,,,0.0,1.0,Partner,2013-10-17 08:26:14,2013-10-17 08:26:14
p:246621,Ivan,Alexander,,GVA Seed Capital Fund,,,The Wharton School,,2013-10-17 20:13:29,2013-10-17 22:51:34,430432.0,430432.0,p:246621,c:272563,,,0.0,1.0,Managing Partner,2013-10-17 20:13:29,2013-10-17 22:51:34
p:249136,Amir-Esmaeil,Bozorgzadeh,Tehran,Conovi,BS,Liberal Studies,York University,2006-01-01,2013-10-24 09:43:44,2013-10-25 00:29:58,436615.0,436615.0,p:249136,c:274127,2012-06-01,,0.0,1.0,Managing Partner,2013-10-24 09:43:44,2013-10-25 00:29:58
p:252726,Elias,Chavando,,Applied Marketing Strategies,,,,,,,445235.0,445235.0,p:252726,c:276606,2013-01-01,,0.0,2.0,Partner,2013-11-04 01:53:53,2013-11-08 00:10:43
p:253017,Maxwell,Wheeler,"Napa, California","Kinsight Industries, LLC",,,,,,,446056.0,446056.0,p:253017,c:276877,2011-04-01,,0.0,1.0,Managing Partner,2013-11-04 21:49:23,2013-11-08 00:22:16
p:253339,Tony,Morris,Florida,Red LeeMor LLC,BA,,Yale University,,2013-11-05 20:10:26,2013-11-08 00:27:53,446836.0,446836.0,p:253339,c:277172,2010-08-01,,0.0,1.0,Managing Partner,2013-11-05 20:10:26,2013-11-08 00:27:53
p:253660,Michel,Burgerhof,Naarden,Synchold BV,,,,,,,447568.0,447568.0,p:253660,c:277393,,,0.0,1.0,Managing Partner,2013-11-06 14:51:50,2013-11-08 00:35:15
p:254844,Kelly,Mi Li,,Be Great Partners,,,,,,,450169.0,450169.0,p:254844,c:199080,2013-02-01,,0.0,1.0,General Partner,2013-11-09 07:49:41,2013-11-12 19:28:14
p:254990,David Aaron,Gray,New York,Gray Financial Ventures,BS,Industrial & Labor Relations,Cornell University,2005-01-01,2013-11-09 23:43:01,2013-11-12 19:30:06,450595.0,450595.0,p:254990,c:278242,2012-03-01,2013-11-09,1.0,3.0,General Partner,2013-11-09 23:43:01,2013-11-12 19:30:05
p:255071,Lorenzo,Geraci,Siena,"Ahead of the Wave, Inc",MS,Finance,Boston University,,2013-11-10 15:05:15,2013-11-12 19:31:06,451015.0,451015.0,p:255071,c:278306,2013-01-18,,0.0,1.0,Managing Partner,2013-11-10 15:05:15,2013-11-12 19:31:06
p:256191,Mark,Austin,,Bright Capital,MS,,Williams College,,2013-11-13 05:10:32,2013-11-13 05:10:32,453310.0,453310.0,p:256191,f:7405,,,0.0,1.0,Venture Partner,2013-11-13 05:10:32,2013-11-13 05:10:32
p:256288,Tiffany,Clay,,McKinsey & Co,MBA,Business,Harvard University,,2013-11-13 06:19:50,2013-11-13 06:19:50,453539.0,453539.0,p:256288,c:241686,,,0.0,1.0,Consultant,2013-11-13 06:19:50,2013-11-13 06:19:50
p:256930,S,Ravi Shankar,,Law Senate,,,,,,,454791.0,454791.0,p:256930,c:279425,,,0.0,1.0,Partner,2013-11-14 09:32:43,2013-11-18 03:19:56
p:259131,M.R.,Lin,,Oak Technologies,MBA,,National Chiao Tung University,,2013-11-20 04:33:43,2013-11-20 04:33:43,459507.0,459507.0,p:259131,c:27381,,,0.0,1.0,Investor,2013-11-20 04:33:43,2013-11-20 04:33:43
p:259198,Yue-Teh,Jang,,The Vertical Group,BS,Materials Scienc,National Tsing-Hua University,,2013-11-20 06:05:48,2013-11-20 06:05:48,459615.0,459615.0,p:259198,f:2213,,,0.0,1.0,General Partner,2013-11-20 06:05:48,2013-11-20 06:05:48
p:260418,Victor,Luong,,Stanford Hospital & Clinics,BA,International Relations,Stanford University,,2013-11-22 06:36:04,2013-11-22 06:36:04,462015.0,462015.0,p:260418,c:181137,,,0.0,1.0,Consultant,2013-11-22 06:36:05,2013-11-22 06:36:05
p:260709,Brent,Threadgill,Berkely  CA,Kidder Peabody & Company,MBA,Finance & Banking,University of San Francisco,1995-01-01,2013-11-23 00:30:03,2013-11-26 21:45:18,462556.0,462556.0,p:260709,f:11037,,,1.0,1.0,Consultant,2013-11-23 00:30:04,2013-11-28 09:50:14
p:261543,Rusty,Grim,Hood River,Owen Jones & Partners LTD,BA,US History,UC Berkeley,1990-01-01,2013-11-25 23:03:17,2013-11-26 22:02:51,464631.0,464631.0,p:261543,c:282111,2002-03-22,,0.0,1.0,Partner,2013-11-25 23:03:18,2013-11-26 22:02:51
p:261739,Jordan,S. Davis,,Radius Ventures,MBA,Finance,Northwestern University - Kellogg School of Management,,2013-11-26 08:03:50,2013-11-26 08:03:50,465114.0,465114.0,p:261739,f:4802,,,0.0,1.0,Managing Partner,2013-11-26 08:03:50,2013-11-26 08:03:50
p:262154,Élizabeth,Douville,,AgeChem Venture Fund,BA,Signal Transduction,Imperial Cancer Research Fund,,2013-11-27 04:12:36,2013-11-27 04:12:36,465866.0,465866.0,p:262154,f:2861,,,0.0,1.0,General Partner,2013-11-27 04:32:53,2013-11-27 04:32:53
p:262393,Glen,R. Bressner,,Originate Ventures,BA,,Boston University,,2013-11-27 10:01:50,2013-11-27 10:01:50,466333.0,466333.0,p:262393,f:1713,,,0.0,1.0,Managing Partner,2013-11-27 10:01:51,2013-11-27 10:01:51
p:262539,Andrew,Aran,"Mayaguez, PR",Regency Wealth Management,MBA,Finance and International  Business,Fordham University,1980-01-01,2013-11-27 17:58:08,2013-12-03 04:56:46,466610.0,466610.0,p:262539,f:14847,2009-01-01,,0.0,3.0,Partner,2013-11-27 17:58:08,2013-12-03 04:56:45
p:263390,Louis,Glass,,Olswang,,,,,,,468561.0,468561.0,p:263390,c:245627,2012-05-01,,0.0,1.0,Partner,2013-11-29 13:07:47,2013-12-03 05:36:16
p:264107,Nuno,Santos,London,BrandEmotivity,,,,,,,470781.0,470781.0,p:264107,c:283531,2010-01-01,,0.0,1.0,Managing Partner,2013-12-02 13:59:50,2013-12-06 20:41:02
p:264281,Jeff,Barnes,,Clean Pacific Ventures,MS,Management,London School of Economics and Political Science,,2013-12-03 04:49:17,2013-12-03 04:49:17,471094.0,471094.0,p:264281,f:1332,,,0.0,1.0,General Partner,2013-12-03 04:49:17,2013-12-03 04:49:17
p:264323,Julia,Salaverría,,Ysios Capital,,Economics,Universidad Autónoma of Madrid,,2013-12-03 05:30:43,2013-12-03 05:30:43,471178.0,471178.0,p:264323,f:3759,,,0.0,1.0,General Partner,2013-12-03 05:30:43,2013-12-03 05:30:43
p:264393,Christian,Waldvogel,,Viventures,PhD,Cryptography,Swiss Federal Institute of Technology,,2013-12-03 07:01:37,2013-12-03 07:01:37,471300.0,471300.0,p:264393,f:4205,,,0.0,1.0,Partner,2013-12-03 07:01:37,2013-12-03 07:01:37
p:265486,Mohanbir,Singh Gyani,,Primera Capital,BA,,San Francisco State University,,2013-12-05 06:40:29,2013-12-05 06:40:29,473551.0,473551.0,p:265486,f:3817,,,0.0,1.0,Partner,2013-12-05 06:40:29,2013-12-05 06:40:29
p:266055,Samantha,L. Toler,,SCA Consulting,MBA,,New York University,,2013-12-06 06:08:38,2013-12-06 06:08:38,474702.0,474702.0,p:266055,c:239169,,,0.0,1.0,Consultant,2013-12-06 06:08:38,2013-12-06 06:08:38
p:267041,Josh,Cohen,,City Light Capital,,,University of Michigan,,2013-12-09 07:54:01,2013-12-09 07:54:01,477400.0,477400.0,p:267041,f:2924,,,0.0,1.0,Managing Partner,2013-12-09 07:54:01,2013-12-09 07:54:01
